,playername,timestamp,accel_load_accum,distance_total
0,PLAYER_690,2021-06-23 11:06:32,23.844258,271.583381
1,PLAYER_690,2021-06-25 13:19:13,437.329114,2900.612338
2,PLAYER_690,2021-07-02 13:26:28,396.984321,2419.40821
3,PLAYER_690,2021-07-05 11:00:00,12.492555,206.023707
4,PLAYER_690,2021-07-14 17:05:14,642.231791,4326.693756
5,PLAYER_690,2021-07-15 17:39:50,481.758258,3433.332833
6,PLAYER_690,2021-07-19 17:07:05,705.381577,4512.98422
7,PLAYER_690,2021-07-20 11:39:34,512.692844,3165.722764
8,PLAYER_690,2021-07-27 17:45:48,245.34503,1549.128353
9,PLAYER_690,2021-07-29 17:19:31,505.533422,3146.147072
10,PLAYER_690,2021-08-31 17:00:00,521.111876,3660.54896
11,PLAYER_690,2021-09-02 18:30:38,373.488861,2344.35263
12,PLAYER_690,2021-09-07 17:00:02,543.567212,4085.396917
13,PLAYER_690,2021-09-09 17:20:30,747.14889,4768.558357
14,PLAYER_690,2021-09-14 17:30:11,553.868219,3733.767813
15,PLAYER_690,2021-09-16 17:20:03,666.723395,4193.556732
16,PLAYER_690,2021-09-22 18:00:45,610.964432,4261.97682
17,PLAYER_690,2021-09-23 17:00:00,430.971798,2482.748291
18,PLAYER_690,2021-09-24 17:00:03,600.549434,4176.727337
19,PLAYER_690,2021-09-28 18:00:00,761.026545,4721.228828
20,PLAYER_690,2021-09-30 18:00:51,851.352538,5653.595543
21,PLAYER_690,2021-10-01 18:00:44,1019.901984,6642.364771
22,PLAYER_690,2021-10-02 14:00:00,803.537919,5396.170074
23,PLAYER_690,2021-10-04 18:00:00,1011.512225,6781.405401
24,PLAYER_690,2021-10-05 17:55:10,803.834445,5328.063577
25,PLAYER_690,2021-10-07 17:55:44,716.402,4560.88413
26,PLAYER_690,2021-10-08 17:55:33,801.20062,5242.367119
27,PLAYER_690,2021-10-09 14:00:00,701.57597,4380.195626
28,PLAYER_690,2021-10-11 17:15:15,519.773634,3230.380256
29,PLAYER_690,2021-10-12 17:15:05,432.795731,2512.932023
30,PLAYER_690,2021-10-14 18:00:54,751.551255,5176.045365
31,PLAYER_690,2021-10-15 17:55:28,640.112365,4098.489706
32,PLAYER_690,2021-10-16 16:00:00,696.094396,4699.501337
33,PLAYER_690,2021-10-18 18:50:44,534.263109,3188.127513
34,PLAYER_690,2021-10-19 18:25:58,907.296053,5694.238278
35,PLAYER_690,2021-10-21 17:55:26,893.585856,6010.643221
36,PLAYER_690,2021-10-22 17:30:00,3.424868,0.150807
37,PLAYER_690,2021-10-24 17:45:03,792.475355,5313.689085
38,PLAYER_690,2021-10-25 17:55:02,952.133689,5898.804451
39,PLAYER_690,2021-10-26 17:55:25,955.147853,6305.119745
40,PLAYER_690,2021-10-28 17:52:07,556.822501,3676.60185
41,PLAYER_690,2021-10-29 14:00:00,593.291092,3914.53924
42,PLAYER_690,2021-11-01 18:45:00,483.014552,2962.471876
43,PLAYER_690,2021-11-03 10:00:01,395.411195,2369.841624
44,PLAYER_690,2021-11-04 18:25:00,449.502337,2844.097707
45,PLAYER_690,2021-11-05 18:00:00,355.548462,2415.507541
46,PLAYER_690,2021-11-07 14:45:00,615.986714,3797.690664
47,PLAYER_690,2021-11-08 19:25:00,630.669969,4190.681039
48,PLAYER_690,2021-11-10 19:35:00,462.322837,3006.677868
49,PLAYER_690,2021-11-13 20:00:00,375.424672,2308.812555
50,PLAYER_690,2021-11-15 16:00:36,364.445901,2320.997193
51,PLAYER_690,2021-11-18 19:30:24,608.1125,4118.187775
52,PLAYER_690,2021-11-19 19:20:00,758.31259,5141.590317
53,PLAYER_690,2021-11-22 19:30:00,803.82217,5050.258478
54,PLAYER_690,2021-11-23 19:20:00,645.533163,4560.10171
55,PLAYER_690,2021-11-26 20:00:00,914.893742,6145.129802
56,PLAYER_690,2021-11-27 18:20:00,427.955727,2730.54737
57,PLAYER_690,2021-11-30 19:30:00,558.870638,3379.348294
58,PLAYER_690,2021-12-01 19:30:00,594.534243,3919.120605
59,PLAYER_690,2021-12-04 15:00:00,472.257479,3287.251696
60,PLAYER_690,2021-12-05 21:00:00,651.014733,4336.680603
61,PLAYER_690,2021-12-06 19:20:00,749.431718,4931.547532
62,PLAYER_690,2021-12-08 20:00:00,893.571296,6007.546521
63,PLAYER_690,2021-12-09 15:00:00,660.810935,4428.951168
64,PLAYER_690,2021-12-13 19:10:00,501.437775,3287.954725
65,PLAYER_690,2021-12-14 15:00:00,673.752689,4333.475981
66,PLAYER_690,2021-12-16 15:20:21,740.984177,5060.084614
67,PLAYER_690,2021-12-17 17:30:00,726.309779,4610.604283
68,PLAYER_690,2021-12-18 19:55:00,456.522228,2806.245641
69,PLAYER_690,2021-12-26 22:00:00,551.290826,3851.958597
70,PLAYER_690,2021-12-27 15:40:00,640.652804,4331.169876
71,PLAYER_690,2021-12-28 20:30:00,818.888911,5864.638576
72,PLAYER_690,2021-12-29 16:50:00,549.624548,3599.463373
73,PLAYER_690,2021-12-31 20:15:00,737.475363,4819.445948
74,PLAYER_690,2022-01-01 17:10:00,742.22214,5149.355006
75,PLAYER_690,2022-01-04 18:10:00,795.860088,5222.09778
76,PLAYER_690,2022-01-05 17:00:38,731.405289,5137.911553
77,PLAYER_690,2022-01-07 17:30:00,920.22629,6229.801853
78,PLAYER_690,2022-01-08 13:00:00,515.146629,3418.167481
79,PLAYER_690,2022-01-10 20:40:00,361.265285,2232.041655
80,PLAYER_690,2022-01-11 18:20:00,451.082748,3052.929508
81,PLAYER_690,2022-01-14 18:00:00,717.833901,4772.069225
82,PLAYER_690,2022-01-15 13:45:00,372.894657,2394.978564
83,PLAYER_690,2022-01-18 19:15:10,679.053705,4193.164103
84,PLAYER_690,2022-01-21 19:30:00,735.207184,4975.211813
85,PLAYER_690,2022-01-24 18:05:00,838.451277,5470.492775
86,PLAYER_690,2022-01-25 13:00:28,407.295429,2748.682858
87,PLAYER_690,2022-01-25 14:15:49,693.923889,4595.155166
88,PLAYER_690,2022-01-27 20:35:00,549.243529,3428.64126
89,PLAYER_690,2022-01-31 18:03:00,978.931406,6740.050688
90,PLAYER_690,2022-02-01 15:00:28,10.413439,84.211232
91,PLAYER_690,2022-02-01 17:00:27,554.437668,3931.751453
92,PLAYER_690,2022-02-03 19:30:00,590.298557,4123.485793
93,PLAYER_690,2022-02-04 18:12:00,467.772532,3023.324284
94,PLAYER_690,2022-02-07 20:00:14,582.472195,3917.37286
95,PLAYER_690,2022-02-08 15:30:04,546.435538,3763.427337
96,PLAYER_690,2022-02-10 19:40:15,413.642449,2659.435074
97,PLAYER_690,2022-02-11 17:55:00,643.227004,4238.206715
98,PLAYER_690,2022-02-13 17:28:00,367.270215,2645.399095
99,PLAYER_690,2022-02-18 15:22:00,586.531029,3962.170029
100,PLAYER_690,2022-02-21 18:00:00,687.523548,4572.088629
101,PLAYER_690,2022-02-22 19:45:00,465.387253,3097.994214
102,PLAYER_690,2022-02-24 19:40:00,529.35754,3411.157243
103,PLAYER_690,2022-02-25 17:35:44,507.11705,3540.876658
104,PLAYER_690,2022-03-02 18:25:13,595.955189,4033.837001
105,PLAYER_690,2022-03-03 20:05:00,758.437877,5133.333345
106,PLAYER_690,2022-03-04 17:49:52,740.476844,5203.069424
107,PLAYER_690,2022-03-07 17:30:00,294.064961,1788.880444
108,PLAYER_690,2022-03-08 18:59:22,735.622714,5235.478887
109,PLAYER_690,2022-03-09 17:30:00,430.824336,2964.078506
110,PLAYER_690,2022-03-10 19:01:30,1009.125995,6917.039318
111,PLAYER_690,2022-03-13 22:00:00,752.368985,5004.490529
112,PLAYER_690,2022-03-14 16:00:40,694.488047,4621.898398
113,PLAYER_690,2022-03-16 16:00:00,684.419996,4585.017223
114,PLAYER_690,2022-07-14 12:52:40,589.007293,3870.193637
115,PLAYER_690,2022-07-18 10:50:00,300.05869,1807.757415
116,PLAYER_690,2022-07-29 12:51:06,563.711652,3594.749407
117,PLAYER_690,2022-08-02 14:00:00,626.00718,4418.847697
118,PLAYER_690,2022-08-22 14:50:00,678.482338,4898.889726
119,PLAYER_690,2022-08-23 12:50:00,472.540673,2928.129333
120,PLAYER_690,2022-08-25 11:50:00,377.554344,2258.664145
121,PLAYER_690,2022-08-26 15:00:00,657.613267,4820.953275
122,PLAYER_690,2022-08-29 14:50:00,614.088921,4902.044075
123,PLAYER_690,2022-08-30 11:50:00,535.999553,3637.460278
124,PLAYER_690,2022-09-01 12:50:00,778.461873,5606.854195
125,PLAYER_690,2022-09-02 12:30:00,637.188566,3809.623749
126,PLAYER_690,2022-09-06 12:50:00,475.397408,3104.174358
127,PLAYER_690,2022-09-07 14:30:00,825.1298,6337.955128
128,PLAYER_690,2022-09-08 12:50:00,771.514665,5307.291828
129,PLAYER_690,2022-09-09 14:50:00,535.229827,3746.510223
130,PLAYER_690,2022-09-12 14:20:00,655.67834,4472.499839
131,PLAYER_690,2022-09-13 12:50:00,757.313192,5148.27609
132,PLAYER_690,2022-09-14 13:50:00,391.101907,2518.059042
133,PLAYER_690,2022-09-15 13:50:00,802.394597,5430.247944
134,PLAYER_690,2022-09-16 12:50:00,724.317547,4983.083512
135,PLAYER_690,2022-09-19 14:20:00,598.905273,4056.086629
136,PLAYER_690,2022-09-20 12:50:00,627.558425,4401.497548
137,PLAYER_690,2022-09-21 15:00:00,446.323474,3153.402731
138,PLAYER_690,2022-09-22 12:50:00,77.643894,464.657203
139,PLAYER_690,2022-09-23 14:00:00,389.659927,2552.42897
140,PLAYER_690,2022-09-26 12:50:28,973.424678,6221.183647
141,PLAYER_690,2022-09-27 12:51:50,894.09581,6279.531394
142,PLAYER_690,2022-09-28 12:51:07,659.021498,4782.665952
143,PLAYER_690,2022-09-29 12:50:07,888.530334,6086.472251
144,PLAYER_690,2022-09-30 12:50:00,1017.263833,7121.899158
145,PLAYER_690,2022-10-02 19:16:57,806.189296,6094.535819
146,PLAYER_690,2022-10-03 12:50:00,807.902518,5939.121634
147,PLAYER_690,2022-10-05 12:50:17,849.191282,6025.892537
148,PLAYER_690,2022-10-06 12:50:18,680.370299,4580.412727
149,PLAYER_690,2022-10-07 12:50:00,964.197672,6761.238197
150,PLAYER_690,2022-10-12 13:15:25,848.238883,6031.796845
151,PLAYER_690,2022-10-19 12:49:45,515.744977,2953.688475
152,PLAYER_690,2022-10-21 13:20:00,657.012425,4138.766226
153,PLAYER_690,2022-10-22 12:45:00,700.109549,4675.21647
154,PLAYER_690,2022-10-25 13:21:01,667.663047,4533.488225
155,PLAYER_690,2022-10-26 13:10:14,749.829129,5185.356202
156,PLAYER_690,2022-10-28 12:49:57,593.567866,4095.884773
157,PLAYER_690,2022-10-29 16:50:17,617.782408,4395.558788
158,PLAYER_690,2022-10-30 13:20:01,544.854133,4066.967787
159,PLAYER_690,2022-11-01 12:50:00,556.0956,4191.765507
160,PLAYER_690,2022-11-02 14:00:00,406.158045,2616.454869
161,PLAYER_690,2022-11-03 21:50:00,692.824882,4723.245499
162,PLAYER_690,2022-11-05 14:50:00,507.967892,3448.025484
163,PLAYER_690,2022-11-06 13:50:00,399.514864,2741.385793
164,PLAYER_690,2022-11-07 19:11:00,732.386922,4747.736326
165,PLAYER_690,2022-11-08 16:00:00,567.271847,4102.891097
166,PLAYER_690,2022-11-09 15:00:00,446.33367,3136.909452
167,PLAYER_690,2022-11-10 22:10:00,752.852654,5176.718804
168,PLAYER_690,2022-11-12 18:00:00,538.226156,3888.273821
169,PLAYER_690,2022-11-13 15:30:00,403.354599,2796.060424
170,PLAYER_690,2022-11-14 22:20:00,844.175473,5741.150356
171,PLAYER_690,2022-11-16 14:48:00,585.02233,4625.04644
172,PLAYER_690,2022-11-17 13:49:00,670.415587,4867.015999
173,PLAYER_690,2022-11-18 15:00:00,498.329502,3517.252598
174,PLAYER_690,2022-11-19 17:45:00,729.286644,5247.622221
175,PLAYER_690,2022-11-21 15:05:00,97.058531,648.399044
176,PLAYER_690,2022-11-22 21:20:00,432.201641,3111.659752
177,PLAYER_690,2022-11-23 17:30:00,632.385294,4545.441402
178,PLAYER_690,2022-11-24 17:45:00,712.688019,5274.159908
179,PLAYER_690,2022-11-27 15:30:00,614.572958,4772.532897
180,PLAYER_690,2022-11-29 13:50:00,571.781326,4157.863071
181,PLAYER_690,2022-11-30 14:58:00,451.003504,3208.975181
182,PLAYER_690,2022-12-01 22:30:00,769.564794,5101.800625
183,PLAYER_690,2022-12-02 18:25:00,323.063143,2251.730111
184,PLAYER_690,2022-12-03 17:30:00,836.083555,6010.36534
185,PLAYER_690,2022-12-05 14:50:00,665.474418,4656.416473
186,PLAYER_690,2022-12-06 14:50:00,440.594046,3400.518738
187,PLAYER_690,2022-12-07 22:30:00,970.662353,7181.751849
188,PLAYER_690,2022-12-08 15:20:00,117.923147,990.411281
189,PLAYER_690,2022-12-09 18:10:00,422.656219,3145.248245
190,PLAYER_690,2022-12-10 17:40:00,784.018266,5922.728458
191,PLAYER_690,2022-12-13 12:50:00,342.701048,2638.535199
192,PLAYER_690,2022-12-15 14:30:00,570.753888,4393.559382
193,PLAYER_690,2022-12-16 13:50:00,738.797353,5596.344808
194,PLAYER_690,2022-12-17 14:50:00,494.093031,4021.131857
195,PLAYER_690,2022-12-19 14:50:00,672.964261,5000.548119
196,PLAYER_690,2022-12-20 14:00:00,526.150919,3953.944382
197,PLAYER_690,2022-12-21 17:45:00,930.600828,7029.819183
198,PLAYER_690,2022-12-29 14:00:00,438.796374,3107.899391
199,PLAYER_690,2022-12-30 21:55:00,671.180014,4733.115851
200,PLAYER_690,2022-12-31 17:50:00,237.759394,1660.404417
201,PLAYER_690,2023-01-01 17:30:00,739.760159,4994.61372
202,PLAYER_690,2023-01-03 15:45:00,505.469882,3678.259996
203,PLAYER_690,2023-01-04 16:50:00,610.18822,4620.907369
204,PLAYER_690,2023-01-05 16:00:00,377.908756,2793.888818
205,PLAYER_690,2023-01-06 22:05:00,700.494645,5034.421528
206,PLAYER_690,2023-01-07 15:15:00,253.35244,1734.062899
207,PLAYER_690,2023-01-08 17:35:00,817.983058,5646.388123
208,PLAYER_690,2023-01-10 14:45:00,609.636072,4835.917007
209,PLAYER_690,2023-01-11 15:35:00,508.638242,3860.984391
210,PLAYER_690,2023-01-12 15:06:00,451.273651,3402.189585
211,PLAYER_690,2023-01-13 22:15:00,833.367261,6391.623306
212,PLAYER_690,2023-01-14 18:50:00,229.389,1553.332909
213,PLAYER_690,2023-01-17 15:15:00,539.421277,4055.8484
214,PLAYER_690,2023-01-18 14:50:00,561.321131,4155.381746
215,PLAYER_690,2023-01-19 13:00:00,405.133614,3098.746831
216,PLAYER_690,2023-01-20 21:30:00,796.356343,5479.962491
217,PLAYER_690,2023-01-21 23:50:00,225.096597,1528.637242
218,PLAYER_690,2023-01-24 14:58:00,514.989958,3841.082275
219,PLAYER_690,2023-01-25 15:00:00,343.822315,2632.777876
220,PLAYER_690,2023-01-26 22:10:00,881.221697,6516.295453
221,PLAYER_690,2023-01-27 18:10:00,319.78144,2213.558781
222,PLAYER_690,2023-01-28 15:00:00,357.232755,2717.061761
223,PLAYER_690,2023-01-29 16:20:00,809.71032,5869.469574
224,PLAYER_690,2023-01-31 12:50:00,411.537319,2463.353888
225,PLAYER_690,2023-02-02 14:41:00,546.772257,3828.048875
226,PLAYER_690,2023-02-03 15:14:00,476.502981,3553.856051
227,PLAYER_690,2023-02-04 18:04:00,462.624648,3465.209374
228,PLAYER_690,2023-02-05 16:30:00,672.578871,4821.37765
229,PLAYER_690,2023-02-07 14:44:00,519.06938,3843.540369
230,PLAYER_690,2023-02-08 15:05:00,363.831282,2687.772151
231,PLAYER_690,2023-02-09 22:35:00,887.811637,6814.488925
232,PLAYER_690,2023-02-11 15:18:00,394.61122,3012.5591
233,PLAYER_690,2023-02-12 16:30:00,749.383189,5546.934063
234,PLAYER_690,2023-02-15 14:48:00,554.780875,4056.006402
235,PLAYER_690,2023-02-16 13:18:00,372.89535,3011.084337
236,PLAYER_690,2023-02-17 22:30:00,875.589393,6360.740754
237,PLAYER_690,2023-02-18 20:44:00,322.088179,2168.077102
238,PLAYER_690,2023-02-19 17:30:00,885.970105,6528.533411
239,PLAYER_690,2023-02-20 14:50:00,333.75034,2286.360267
240,PLAYER_690,2023-02-22 14:50:00,599.159226,4550.495478
241,PLAYER_690,2023-02-23 15:00:00,382.59333,2909.39776
242,PLAYER_690,2023-02-24 22:10:00,880.153029,6568.016814
243,PLAYER_690,2023-02-25 20:10:00,282.143256,2136.492669
244,PLAYER_690,2023-02-26 17:30:00,817.396798,6291.825289
245,PLAYER_690,2023-02-28 14:33:00,379.298879,3020.531444
246,PLAYER_690,2023-03-01 15:03:00,365.141591,2769.028482
247,PLAYER_690,2023-03-02 22:20:00,882.181287,6372.24263
248,PLAYER_690,2023-03-03 20:40:00,264.23218,1837.945287
249,PLAYER_690,2023-03-04 19:25:00,796.41504,5691.066874
250,PLAYER_690,2023-03-06 16:35:00,327.350843,2268.407966
251,PLAYER_690,2023-03-07 14:50:00,448.702013,3309.053448
252,PLAYER_690,2023-03-08 13:59:30,379.324996,2881.934246
253,PLAYER_690,2023-03-09 23:35:00,851.232244,6064.427248
254,PLAYER_690,2023-03-10 23:30:00,735.287417,5889.979732
255,PLAYER_690,2023-08-28 11:50:00,186.927724,1462.674105
256,PLAYER_690,2023-08-28 16:50:00,232.964326,1648.742134
257,PLAYER_690,2023-08-29 16:40:00,387.225213,2191.080037
258,PLAYER_690,2023-08-30 11:50:00,154.369819,1024.731255
259,PLAYER_690,2023-08-30 16:50:00,399.952189,3261.766389
260,PLAYER_690,2023-08-31 16:30:00,413.65148,2536.844475
261,PLAYER_690,2023-09-01 11:50:00,215.51038,1617.981476
262,PLAYER_690,2023-09-01 16:45:00,540.042997,4579.278818
263,PLAYER_690,2023-09-05 11:50:00,224.308827,1766.577443
264,PLAYER_690,2023-09-06 11:50:00,166.008898,1101.625749
265,PLAYER_690,2023-09-06 16:50:00,798.240342,5986.691964
266,PLAYER_690,2023-09-08 11:50:00,237.963158,1845.654851
267,PLAYER_690,2023-09-08 16:50:00,778.516867,5873.845553
268,PLAYER_690,2023-09-11 11:50:00,227.469018,1707.126564
269,PLAYER_690,2023-09-12 17:30:00,559.539615,4234.931838
270,PLAYER_690,2023-09-13 11:50:00,172.615803,1136.380649
271,PLAYER_690,2023-09-13 17:00:00,0.189227,
272,PLAYER_690,2023-09-14 17:30:00,588.97771,4583.848975
273,PLAYER_690,2023-09-15 11:50:00,253.735089,2054.01498
274,PLAYER_690,2023-09-15 16:00:00,438.469287,2671.052224
275,PLAYER_690,2023-09-18 11:50:00,201.325177,1613.736296
276,PLAYER_690,2023-09-18 16:50:00,305.86343,2498.171654
277,PLAYER_690,2023-09-19 17:35:00,521.392385,3686.704362
278,PLAYER_690,2023-09-20 11:50:00,193.960451,1310.508059
279,PLAYER_690,2023-09-21 17:35:00,578.192105,4263.16587
280,PLAYER_690,2023-09-22 11:50:02,191.252504,1483.712678
281,PLAYER_690,2023-09-22 16:50:00,387.52288,2515.418121
282,PLAYER_690,2023-09-25 16:52:04,762.738452,5381.70462
283,PLAYER_690,2023-09-26 17:20:02,657.028714,4750.675694
284,PLAYER_690,2023-09-28 17:20:03,771.704775,5895.813342
285,PLAYER_690,2023-09-29 17:47:31,606.523362,4475.618335
286,PLAYER_690,2023-09-30 16:12:26,843.751704,6250.371158
287,PLAYER_690,2023-10-02 16:50:59,907.679274,6571.445631
288,PLAYER_690,2023-10-03 17:19:59,748.932759,5600.234937
289,PLAYER_690,2023-10-04 16:45:01,718.688543,4852.834272
290,PLAYER_690,2023-10-05 17:20:00,746.683149,5409.377478
291,PLAYER_690,2023-10-06 17:45:39,945.539498,6788.250064
292,PLAYER_690,2023-10-11 16:45:32,780.964255,5648.246726
293,PLAYER_690,2023-10-12 17:20:21,712.000127,4971.019795
294,PLAYER_690,2023-10-13 17:28:09,600.066406,4244.495231
295,PLAYER_690,2023-10-15 16:00:02,693.926276,4908.584859
296,PLAYER_690,2023-10-16 18:05:00,627.881457,4449.880727
297,PLAYER_690,2023-10-17 17:20:00,686.104416,4884.191369
298,PLAYER_690,2023-10-19 16:37:01,572.200531,3727.834283
299,PLAYER_690,2023-10-20 19:59:15,549.056898,4002.42742
300,PLAYER_690,2023-10-22 14:49:06,715.288011,5602.578672
301,PLAYER_690,2023-10-23 17:45:00,528.501406,3735.031876
302,PLAYER_690,2023-10-24 17:20:00,661.835358,4675.886084
303,PLAYER_690,2023-10-26 17:19:28,528.106968,3621.337544
304,PLAYER_690,2023-10-27 17:51:40,372.906277,2435.786668
305,PLAYER_690,2023-10-28 17:30:00,853.258295,6091.390142
306,PLAYER_690,2023-10-30 17:37:08,603.783756,4247.960025
307,PLAYER_690,2023-10-31 17:20:00,632.227585,4570.00408
308,PLAYER_690,2023-11-01 16:57:00,441.118771,3014.519115
309,PLAYER_690,2023-11-02 21:30:00,893.339972,6480.555376
310,PLAYER_690,2023-11-04 16:55:35,563.646248,4056.148833
311,PLAYER_690,2023-11-05 17:13:55,428.942622,3011.502218
312,PLAYER_690,2023-11-06 22:00:00,845.908744,6340.42242
313,PLAYER_690,2023-11-08 18:22:04,520.643701,3730.827326
314,PLAYER_690,2023-11-09 18:30:56,546.285191,4096.310403
315,PLAYER_690,2023-11-10 12:55:51,360.18701,2507.046332
316,PLAYER_690,2023-11-11 17:10:00,787.793555,5218.869331
317,PLAYER_690,2023-11-13 18:34:50,591.095046,4178.734779
318,PLAYER_690,2023-11-14 13:59:01,471.618993,3479.98276
319,PLAYER_690,2023-11-14 14:00:00,467.978853,3457.03358
320,PLAYER_690,2023-11-15 21:00:00,1023.926741,7111.434693
321,PLAYER_690,2023-11-17 19:30:51,682.313272,4798.586372
322,PLAYER_690,2023-11-18 15:11:42,380.153924,2678.166815
323,PLAYER_690,2023-11-19 16:30:00,907.388982,6574.054578
324,PLAYER_690,2023-11-20 19:25:00,444.005538,3085.227527
325,PLAYER_690,2023-11-21 18:39:30,343.27739,2409.376136
326,PLAYER_690,2023-11-22 15:30:00,762.40418,5207.411603
327,PLAYER_690,2023-11-24 19:35:46,537.635061,4042.155436
328,PLAYER_690,2023-11-25 11:09:49,347.776477,2455.916544
329,PLAYER_690,2023-11-26 18:00:00,828.705051,5325.79331
330,PLAYER_690,2023-11-28 19:10:13,739.539981,5175.635632
331,PLAYER_690,2023-11-29 14:10:00,427.371704,2352.936521
332,PLAYER_690,2023-11-30 18:20:01,605.099086,4212.317156
333,PLAYER_690,2023-12-01 18:10:57,399.174677,2917.086327
334,PLAYER_690,2023-12-02 16:15:00,827.003852,5922.586353
335,PLAYER_690,2023-12-04 18:42:12,547.452923,4105.566948
336,PLAYER_690,2023-12-05 18:02:31,1.14045,0.442552
337,PLAYER_690,2023-12-05 18:39:43,369.422672,2678.87998
338,PLAYER_690,2023-12-06 16:30:00,761.656049,5336.088218
339,PLAYER_690,2023-12-08 18:31:31,514.472494,3780.31051
340,PLAYER_690,2023-12-09 14:49:39,561.65072,4096.574297
341,PLAYER_690,2023-12-10 14:20:59,4.426714,9.01829
342,PLAYER_690,2023-12-10 15:09:00,453.490532,3453.029039
343,PLAYER_690,2023-12-11 21:45:00,812.053116,5816.94718
344,PLAYER_690,2023-12-14 20:03:12,615.40074,4390.494261
345,PLAYER_690,2023-12-15 17:50:10,544.292188,3768.731123
346,PLAYER_690,2023-12-16 17:10:00,373.817306,2177.586061
347,PLAYER_690,2023-12-18 14:20:01,614.222491,4607.269187
348,PLAYER_690,2023-12-19 19:30:02,591.545304,4290.924944
349,PLAYER_690,2023-12-20 16:14:01,387.968884,2881.93818
350,PLAYER_690,2023-12-20 17:50:00,27.983428,102.644783
351,PLAYER_690,2023-12-21 16:00:00,813.523391,5735.990182
352,PLAYER_690,2023-12-27 17:10:35,652.832593,4995.908004
353,PLAYER_690,2023-12-28 15:18:00,635.382316,4939.363605
354,PLAYER_690,2023-12-29 12:59:38,434.210703,3089.2715
355,PLAYER_690,2023-12-29 13:00:00,431.47194,3060.025387
356,PLAYER_690,2023-12-30 16:00:00,920.292948,6560.98298
357,PLAYER_690,2024-01-01 13:50:00,333.837408,2061.455951
358,PLAYER_690,2024-01-02 18:24:19,685.993697,4722.12554
359,PLAYER_690,2024-01-03 18:00:36,660.012822,4721.63023
360,PLAYER_690,2024-01-04 16:06:02,411.694107,2905.407296
361,PLAYER_690,2024-01-05 22:00:00,815.361033,5707.978281
362,PLAYER_690,2024-01-06 20:05:20,262.1934,1732.04739
363,PLAYER_690,2024-01-07 16:00:00,749.872211,5324.169783
364,PLAYER_690,2024-01-09 15:03:54,608.533774,4233.64264
365,PLAYER_690,2024-01-10 14:50:24,643.021449,4435.999924
366,PLAYER_690,2024-01-11 14:29:48,345.36087,2396.038071
367,PLAYER_690,2024-01-12 22:00:00,792.032738,5586.908861
368,PLAYER_690,2024-01-13 21:25:00,241.881914,1616.179816
369,PLAYER_690,2024-01-14 17:00:00,647.01914,4162.068086
370,PLAYER_690,2024-01-16 15:45:00,476.632945,3796.165831
371,PLAYER_690,2024-01-17 17:49:59,631.470238,4333.921016
372,PLAYER_690,2024-01-18 15:12:27,350.577878,2451.366201
373,PLAYER_690,2024-01-19 21:30:00,871.082769,6188.574942
374,PLAYER_690,2024-01-20 22:45:00,175.451428,1297.163096
375,PLAYER_690,2024-01-21 17:15:00,745.48014,4925.928704
376,PLAYER_690,2024-01-23 12:50:00,398.295743,2453.680777
377,PLAYER_690,2024-01-24 15:07:22,551.706375,3659.934541
378,PLAYER_690,2024-01-25 14:50:32,412.622192,
379,PLAYER_690,2024-01-26 14:51:06,482.932426,3311.400452
380,PLAYER_690,2024-01-27 17:00:20,337.510511,2309.298947
381,PLAYER_690,2024-01-28 17:00:00,656.597935,4442.592921
382,PLAYER_690,2024-01-30 15:05:00,545.978189,3686.008796
383,PLAYER_690,2024-01-31 14:50:02,614.745877,4434.403658
384,PLAYER_690,2024-02-01 14:59:51,361.218074,2520.384436
385,PLAYER_690,2024-02-02 22:00:00,775.088409,5059.095032
386,PLAYER_690,2024-02-03 22:00:00,273.386668,1822.243128
387,PLAYER_690,2024-02-04 17:00:00,853.578424,5909.233108
388,PLAYER_690,2024-02-06 15:23:00,504.273137,3569.82564
389,PLAYER_690,2024-02-07 15:30:00,722.668008,5558.328034
390,PLAYER_690,2024-02-08 15:14:06,389.36015,2780.884338
391,PLAYER_690,2024-02-09 21:45:00,703.216431,4546.009063
392,PLAYER_690,2024-02-10 22:34:00,307.824131,2059.689831
393,PLAYER_690,2024-02-11 17:00:00,829.196879,5597.925509
394,PLAYER_690,2024-02-12 14:33:24,304.730176,1899.735882
395,PLAYER_690,2024-02-14 13:53:30,502.115596,3634.915512
396,PLAYER_690,2024-02-15 14:59:50,375.643808,2786.190408
397,PLAYER_690,2024-02-16 21:30:00,797.193994,5498.721942
398,PLAYER_690,2024-02-17 19:16:01,356.453582,2272.600005
399,PLAYER_690,2024-02-18 16:00:00,727.843138,5166.450295
400,PLAYER_690,2024-02-21 15:18:26,520.262696,3365.676135
401,PLAYER_690,2024-02-22 14:49:56,577.794805,4090.735179
402,PLAYER_690,2024-02-23 14:50:00,84.648905,363.068869
403,PLAYER_690,2024-02-24 13:59:55,355.000377,2329.763433
404,PLAYER_690,2024-02-25 15:50:37,472.319158,2816.203959
405,PLAYER_690,2024-02-28 15:01:44,483.51666,2907.042175
406,PLAYER_690,2024-02-29 15:10:04,317.172522,1917.372336
407,PLAYER_690,2024-03-01 21:00:00,935.535203,6204.177849
408,PLAYER_690,2024-03-02 17:29:48,340.535328,2220.290454
409,PLAYER_690,2024-03-03 17:00:00,776.837597,5235.672207
410,PLAYER_690,2024-03-05 15:06:27,557.737269,3716.338277
411,PLAYER_690,2024-03-06 13:29:57,381.371208,2669.970088
412,PLAYER_690,2024-03-07 22:00:00,648.996187,4344.927417
413,PLAYER_690,2024-03-08 23:00:00,268.832601,1835.869124
414,PLAYER_690,2024-03-09 16:00:00,820.726402,5875.265941
415,PLAYER_690,2024-03-11 15:45:00,331.361932,2423.011734
416,PLAYER_690,2024-03-12 13:50:05,507.642552,3578.852161
417,PLAYER_690,2024-03-13 12:50:30,446.520737,3161.940739
418,PLAYER_690,2024-03-14 13:17:00,261.408569,1762.885632
419,PLAYER_690,2024-03-15 14:43:00,711.745148,4451.373808
420,PLAYER_690,2024-03-16 16:25:00,708.761731,4611.53435
421,PLAYER_690,2024-03-17 16:28:00,837.206071,5497.61886
422,PLAYER_690,2024-03-19 14:02:00,294.646725,2151.508645
423,PLAYER_690,2024-03-20 13:28:00,325.341529,2404.834425
424,PLAYER_690,2024-03-21 21:35:00,580.767163,3559.619158
425,PLAYER_690,2024-03-22 22:45:00,263.821637,1868.332637
426,PLAYER_690,2024-03-24 17:00:00,636.686869,4166.171482
427,PLAYER_690,2024-03-24 19:40:00,198.447869,1309.6257
428,PLAYER_690,2024-07-01 14:26:47,375.781496,2728.356652
429,PLAYER_690,2024-07-02 14:25:00,350.224191,2640.042821
430,PLAYER_690,2024-07-03 14:30:48,38.254643,188.538801
431,PLAYER_690,2024-07-08 11:10:00,251.546387,1652.061443
432,PLAYER_690,2024-07-09 11:15:00,234.566963,1538.267815
433,PLAYER_690,2024-07-16 12:30:00,311.259827,1956.579181
434,PLAYER_690,2024-07-18 12:30:15,262.445205,1694.783043
435,PLAYER_690,2024-07-25 12:30:21,256.781721,1821.164197
436,PLAYER_690,2024-07-29 13:30:51,354.998967,2412.35115
437,PLAYER_690,2024-07-30 13:30:01,55.210308,337.925662
438,PLAYER_690,2024-07-30 14:30:41,339.922664,2171.237558
439,PLAYER_690,2024-07-31 13:30:00,37.036393,180.651564
440,PLAYER_690,2024-07-31 14:30:11,406.939098,2699.568504
441,PLAYER_690,2024-08-06 13:30:00,362.4276,2803.128766
442,PLAYER_690,2024-08-07 13:30:00,368.408428,2635.297202
443,PLAYER_690,2024-08-08 13:30:00,12.309501,75.961561
444,PLAYER_690,2024-08-08 14:30:00,392.592044,3012.518771
445,PLAYER_690,2024-09-04 12:25:00,295.508643,1728.177871
446,PLAYER_690,2024-09-05 11:50:00,346.908177,3457.753744
447,PLAYER_690,2024-09-10 13:45:00,442.807046,3244.467622
448,PLAYER_690,2024-09-11 14:15:00,147.224326,1168.314764
449,PLAYER_690,2024-09-25 13:33:00,488.372099,3452.106125
450,PLAYER_690,2024-09-27 13:20:00,565.586212,3989.64546
451,PLAYER_690,2024-09-28 13:00:00,392.488244,2904.558403
452,PLAYER_690,2024-09-30 13:20:00,669.143846,5070.176375
453,PLAYER_690,2024-10-02 14:05:00,502.662546,3550.831148
454,PLAYER_690,2024-10-04 13:30:00,649.255188,4604.679739
455,PLAYER_690,2024-10-05 12:30:00,570.86483,4034.571116
456,PLAYER_690,2024-10-07 13:20:00,716.178407,5303.879667
457,PLAYER_690,2024-10-08 13:40:00,634.596659,4122.897863
458,PLAYER_690,2024-10-09 14:30:00,363.259389,2483.254011
459,PLAYER_690,2024-10-10 13:00:00,714.843094,5036.972675
460,PLAYER_690,2024-10-11 12:30:00,216.670977,1397.057393
461,PLAYER_690,2024-10-17 13:30:00,0.1359,
462,PLAYER_690,2024-11-07 22:30:00,0.051697,
463,PLAYER_690,2024-11-17 18:00:11,0.227002,
464,PLAYER_690,2025-01-01 17:15:30,0.264838,0.01377
465,PLAYER_690,2025-01-01 20:00:14,0.264838,0.01377
466,PLAYER_690,2025-01-07 14:30:00,0.017134,
467,PLAYER_690,2025-01-11 15:20:00,0.516144,1.09964
468,PLAYER_690,2025-03-07 19:00:00,0.650221,0.464685
