test_date,test_timestamp,playername,team,leftMaxForce,rightMaxForce,avg_max_force_asymmetry,leftTorque,rightTorque,avg_torque_asymmetry,accel_load_accum,distance_total,accel_distance_test_date,accel_distance_timestamp
2022-03-28,2022-03-28 17:50:46,PLAYER_1114,Mens Soccer,364.0,360.5,0.4830917874396135,155.61,154.11375,0.4830917874396146,901.433741,7487.268712,2022-03-28,2022-03-28 15:00:01
2022-03-28,2022-03-28 17:46:53,PLAYER_1191,Mens Soccer,399.5,390.75,1.1072445428661817,152.80875,149.461875,1.1072445428661855,989.73926,7667.276983,2022-03-28,2022-03-28 15:00:01
2022-03-28,2022-03-28 17:42:59,PLAYER_137,Mens Soccer,334.75,342.5,-1.1443337024732374,146.118375,149.50125,-1.1443337024732416,1186.663474,9503.898488,2022-03-28,2022-03-28 15:00:01
2022-04-18,2022-04-18 17:46:59,PLAYER_1114,Mens Soccer,388.75,364.0,3.2879442045831953,166.190625,155.61,3.287944204583194,929.730252,8413.833478,2022-04-18,2022-04-18 15:00:00
2022-04-18,2022-04-18 17:45:07,PLAYER_1191,Mens Soccer,380.75,343.25,5.179558011049724,145.636875,131.293125,5.179558011049724,1051.036222,8082.926256,2022-04-18,2022-04-18 15:00:00
2022-04-18,2022-04-18 17:37:14,PLAYER_137,Mens Soccer,381.5,392.0,-1.3574660633484164,166.52475,171.108,-1.3574660633484141,1484.18129,10297.780792,2022-04-18,2022-04-18 15:00:00
2022-04-27,2022-04-27 14:35:07,PLAYER_218,Womens Soccer,315.5,311.25,0.6781013163143199,126.35775,124.655625,0.678101316314318,859.095875,7275.972821,2022-04-27,2022-04-27 12:30:00
2022-04-27,2022-04-27 14:59:06,PLAYER_792,Womens Soccer,311.5,311.75,-0.04011231448054552,130.36275,130.467375,-0.040112314480545,471.254341,3642.302653,2022-04-27,2022-04-27 12:30:00
2022-04-27,2022-04-27 14:54:12,PLAYER_897,Womens Soccer,299.25,280.75,3.189655172413793,125.236125,117.493875,3.1896551724137927,730.646382,5433.680416,2022-04-27,2022-04-27 12:30:00
2022-07-06,2022-07-06 18:29:48,PLAYER_1186,Mens Basketball,304.5,296.5,1.3311148086522462,149.35725,145.43325,1.3311148086522486,485.768655,3285.455968,2022-07-06,2022-07-06 16:30:00
2022-07-06,2022-07-06 18:34:05,PLAYER_755,Mens Basketball,320.5,274.5,7.73109243697479,171.62775,146.99475,7.731092436974785,406.633599,3201.765947,2022-07-06,2022-07-06 16:30:00
2022-07-19,2022-07-19 18:44:44,PLAYER_1186,Mens Basketball,376.75,357.25,2.656675749318801,174.623625,165.585375,2.6566757493188025,483.78681,3290.976431,2022-07-19,2022-07-19 11:00:30
2022-07-19,2022-07-19 18:34:10,PLAYER_557,Mens Basketball,346.5,335.5,1.6129032258064515,160.60275,155.50425,1.6129032258064433,443.385269,3003.386075,2022-07-19,2022-07-19 11:00:30
2022-07-19,2022-07-19 18:32:53,PLAYER_755,Mens Basketball,337.5,279.75,9.356014580801943,180.73125,149.806125,9.356014580801938,417.514201,3215.584996,2022-07-19,2022-07-19 11:00:30
2022-07-28,2022-07-28 12:24:19,PLAYER_084,Womens Soccer,208.0,217.5,-2.2326674500587544,87.048,91.02375,-2.232667450058757,255.025142,2627.716734,2022-07-28,2022-07-28 11:00:00
2022-07-28,2022-07-28 12:21:41,PLAYER_115,Womens Soccer,156.75,149.25,2.450980392156863,67.010625,63.804375,2.450980392156866,289.118057,2923.970895,2022-07-28,2022-07-28 11:00:00
2022-07-28,2022-07-28 12:19:43,PLAYER_745,Womens Soccer,256.5,306.5,-8.880994671403197,88.87725,106.20225,-8.880994671403199,258.238695,2997.037767,2022-07-28,2022-07-28 11:00:00
2022-08-05,2022-08-05 13:14:53,PLAYER_084,Womens Soccer,214.75,218.25,-0.8083140877598153,89.872875,91.337625,-0.8083140877598203,684.494999,5798.128043,2022-08-05,2022-08-05 11:30:20
2022-08-05,2022-08-05 13:17:13,PLAYER_1094,Womens Soccer,307.75,278.0,5.078958600085361,131.563125,118.845,5.078958600085366,669.547111,5734.38072,2022-08-05,2022-08-05 11:30:20
2022-08-05,2022-08-05 13:16:10,PLAYER_115,Womens Soccer,219.75,187.5,7.918968692449356,93.943125,80.15625,7.918968692449352,622.609164,5533.685241,2022-08-05,2022-08-05 11:30:20
2022-08-05,2022-08-05 13:34:12,PLAYER_218,Womens Soccer,309.0,282.75,4.435994930291509,123.7545,113.241375,4.4359949302915025,631.374861,4634.460948,2022-08-05,2022-08-05 11:30:20
2022-08-05,2022-08-05 13:27:31,PLAYER_457,Womens Soccer,289.25,358.0,-10.621861722672847,118.447875,146.601,-10.621861722672847,576.383435,4541.783632,2022-08-05,2022-08-05 11:30:20
2022-08-05,2022-08-05 13:36:38,PLAYER_745,Womens Soccer,265.25,300.5,-6.230667255855059,91.909125,104.12325,-6.2306672558550575,711.511585,6695.136186,2022-08-05,2022-08-05 11:30:20
2022-08-05,2022-08-05 13:20:35,PLAYER_780,Womens Soccer,272.5,299.0,-4.636920384951881,128.75625,141.2775,-4.6369203849518845,594.02957,4684.950291,2022-08-05,2022-08-05 11:30:20
2022-08-05,2022-08-05 13:29:32,PLAYER_792,Womens Soccer,301.0,296.0,0.8375209380234505,125.9685,123.876,0.8375209380234511,583.836944,4520.609911,2022-08-05,2022-08-05 11:30:20
2022-08-05,2022-08-05 13:31:12,PLAYER_944,Womens Soccer,274.5,270.0,0.8264462809917356,104.99625,103.275,0.8264462809917343,646.436049,5475.958334,2022-08-05,2022-08-05 11:30:20
2022-08-06,2022-08-06 13:25:11,PLAYER_685,Womens Soccer,228.75,235.0,-1.3477088948787064,95.731875,98.3475,-1.3477088948787033,656.023142,6338.212529,2022-08-06,2022-08-06 11:20:06
2022-08-06,2022-08-06 13:28:08,PLAYER_896,Womens Soccer,332.75,348.75,-2.347762289068232,166.208625,174.200625,-2.347762289068229,495.710779,3732.574485,2022-08-06,2022-08-06 11:20:06
2022-08-08,2022-08-08 18:29:49,PLAYER_1186,Mens Basketball,396.25,360.0,4.793388429752066,183.661875,166.86,4.793388429752064,526.231234,3304.62976,2022-08-08,2022-08-08 17:00:00
2022-08-08,2022-08-08 18:32:48,PLAYER_557,Mens Basketball,350.75,310.5,6.086956521739131,162.572625,143.91675,6.086956521739125,438.616377,2966.689712,2022-08-08,2022-08-08 17:00:00
2022-08-08,2022-08-08 18:25:06,PLAYER_755,Mens Basketball,364.0,302.75,9.186351706036746,194.922,162.122625,9.186351706036746,416.037755,3147.750203,2022-08-08,2022-08-08 17:00:00
2022-08-10,2022-08-10 14:44:57,PLAYER_1077,Mens Soccer,333.5,328.75,0.7172517931294828,124.56225,122.788125,0.7172517931294877,898.529934,7150.743258,2022-08-10,2022-08-10 20:30:00
2022-08-10,2022-08-10 14:46:39,PLAYER_1114,Mens Soccer,373.5,397.0,-3.049967553536664,159.67125,169.7175,-3.049967553536669,694.137094,6242.936397,2022-08-10,2022-08-10 20:30:00
2022-08-10,2022-08-10 14:31:12,PLAYER_1191,Mens Soccer,409.0,390.25,2.3459493274945262,156.4425,149.270625,2.3459493274945262,973.525312,7597.785078,2022-08-10,2022-08-10 20:30:00
2022-08-10,2022-08-10 14:34:08,PLAYER_1196,Mens Soccer,413.0,419.75,-0.8105673971780245,195.1425,198.331875,-0.8105673971780205,865.815047,6979.529099,2022-08-10,2022-08-10 20:30:00
2022-08-10,2022-08-10 14:33:10,PLAYER_137,Mens Soccer,312.25,323.5,-1.7695635076681087,136.297125,141.20775,-1.7695635076681124,785.558018,6738.825286,2022-08-10,2022-08-10 20:30:00
2022-08-10,2022-08-10 14:28:34,PLAYER_617,Mens Soccer,476.75,502.75,-2.6544155181214903,220.973625,233.024625,-2.654415518121488,665.401235,4808.492595,2022-08-10,2022-08-10 20:30:00
2022-08-10,2022-08-10 14:41:00,PLAYER_902,Mens Soccer,282.0,366.5,-13.030069390902083,115.479,150.08175,-13.030069390902083,712.139796,5838.108675,2022-08-10,2022-08-10 20:30:00
2022-08-12,2022-08-12 13:27:11,PLAYER_115,Womens Soccer,219.0,209.75,2.1574344023323615,89.6805,85.892625,2.157434402332361,557.344247,5418.692992,2022-08-12,2022-08-12 11:25:01
2022-08-12,2022-08-12 13:21:51,PLAYER_457,Womens Soccer,317.5,336.0,-2.8309104820198927,130.01625,137.592,-2.8309104820198927,507.695214,4668.852154,2022-08-12,2022-08-12 11:25:01
2022-08-12,2022-08-12 13:23:18,PLAYER_745,Womens Soccer,248.25,263.25,-2.932551319648094,86.018625,91.216125,-2.9325513196480966,409.292978,4036.947845,2022-08-12,2022-08-12 11:25:01
2022-08-24,2022-08-24 17:07:40,PLAYER_1128,Womens Basketball,342.0,274.0,11.03896103896104,149.283,119.601,11.038961038961034,479.052361,3602.601778,2022-08-24,2022-08-24 11:50:00
2022-08-30,2022-08-30 18:00:24,PLAYER_084,Womens Soccer,268.0,282.25,-2.58973194002726,112.158,118.121625,-2.5897319400272574,664.199873,6064.021126,2022-08-30,2022-08-30 15:55:00
2022-08-30,2022-08-30 17:59:14,PLAYER_1094,Womens Soccer,305.5,294.25,1.8757815756565235,130.60125,125.791875,1.8757815756565193,751.07605,7296.627286,2022-08-30,2022-08-30 15:55:00
2022-08-30,2022-08-30 17:57:59,PLAYER_115,Womens Soccer,236.25,226.0,2.2174148188209846,96.744375,92.547,2.217414818820988,656.9051,6372.00547,2022-08-30,2022-08-30 15:55:00
2022-08-30,2022-08-30 18:16:54,PLAYER_218,Womens Soccer,311.75,295.5,2.675998353231783,124.855875,118.34775,2.6759983532317797,611.908354,5313.30922,2022-08-30,2022-08-30 15:55:00
2022-08-30,2022-08-30 18:12:35,PLAYER_457,Womens Soccer,335.5,331.0,0.6751687921980495,137.38725,135.5445,0.6751687921980478,504.868715,4644.567314,2022-08-30,2022-08-30 15:55:00
2022-08-30,2022-08-30 18:21:41,PLAYER_685,Womens Soccer,256.75,239.5,3.4760705289672544,107.449875,100.23075,3.4760705289672567,676.377573,6243.171717,2022-08-30,2022-08-30 15:55:00
2022-08-30,2022-08-30 18:05:40,PLAYER_745,Womens Soccer,236.0,296.0,-11.278195488721805,81.774,102.564,-11.278195488721801,632.650075,6506.551302,2022-08-30,2022-08-30 15:55:00
2022-08-30,2022-08-30 18:04:20,PLAYER_780,Womens Soccer,388.0,371.5,2.1724818959842,183.33,175.53375,2.172481895984204,673.040966,5929.030121,2022-08-30,2022-08-30 15:55:00
2022-08-30,2022-08-30 18:08:55,PLAYER_792,Womens Soccer,303.0,295.0,1.3377926421404682,126.8055,123.4575,1.3377926421404678,655.314622,5607.408933,2022-08-30,2022-08-30 15:55:00
2022-08-30,2022-08-30 18:15:30,PLAYER_896,Womens Soccer,360.5,373.5,-1.7711171662125342,180.06975,186.56325,-1.771117166212537,528.754729,4473.674854,2022-08-30,2022-08-30 15:55:00
2022-09-02,2022-09-02 17:46:53,PLAYER_745,Womens Soccer,245.5,307.25,-11.17141564902759,85.06575,106.462125,-11.171415649027592,377.395521,2904.245005,2022-09-02,2022-09-02 15:55:00
2022-09-02,2022-09-02 17:46:01,PLAYER_796,Womens Soccer,295.5,215.75,15.599022004889976,107.70975,78.640875,15.599022004889981,303.740895,2257.300974,2022-09-02,2022-09-02 15:55:00
2022-09-02,2022-09-02 17:48:53,PLAYER_944,Womens Soccer,268.25,282.0,-2.498864152657883,102.605625,107.865,-2.498864152657879,355.051805,2795.112803,2022-09-02,2022-09-02 15:55:00
2022-09-09,2022-09-09 12:34:17,PLAYER_1186,Mens Basketball,380.25,368.5,1.5692821368948247,176.245875,170.79975,1.5692821368948315,613.127368,4336.0581,2022-09-09,2022-09-09 17:00:00
2022-09-09,2022-09-09 12:39:34,PLAYER_557,Mens Basketball,433.75,472.0,-4.223019597019045,201.043125,218.772,-4.223019597019043,583.491274,4227.876492,2022-09-09,2022-09-09 17:00:00
2022-09-09,2022-09-09 12:35:24,PLAYER_755,Mens Basketball,314.5,285.75,4.789670970428988,168.41475,153.019125,4.789670970428986,472.189093,3602.639429,2022-09-09,2022-09-09 17:00:00
2022-09-19,2022-09-19 16:47:22,PLAYER_1128,Womens Basketball,337.0,267.5,11.497105045492143,147.1005,116.76375,11.497105045492145,743.20757,5634.79703,2022-09-19,2022-09-19 14:20:00
2022-09-23,2022-09-23 12:58:37,PLAYER_1186,Mens Basketball,376.5,364.25,1.6537293283833951,174.50775,168.829875,1.6537293283833951,561.923288,3808.982457,2022-09-23,2022-09-23 18:00:00
2022-09-23,2022-09-23 12:57:04,PLAYER_557,Mens Basketball,450.25,439.75,1.1797752808988764,208.690875,203.824125,1.1797752808988755,474.476471,3332.187109,2022-09-23,2022-09-23 18:00:00
2022-09-23,2022-09-23 12:48:14,PLAYER_755,Mens Basketball,340.75,308.0,5.048169556840077,182.471625,164.934,5.048169556840075,474.058071,3643.906328,2022-09-23,2022-09-23 18:00:00
2022-09-24,2022-09-24 12:43:36,PLAYER_745,Womens Soccer,250.25,286.0,-6.666666666666667,86.711625,99.099,-6.66666666666667,461.673474,4664.126887,2022-09-24,2022-09-24 12:50:00
2022-09-28,2022-09-28 14:19:44,PLAYER_617,Mens Soccer,450.0,457.5,-0.8264462809917356,208.575,212.05125,-0.8264462809917406,766.520462,6285.887974,2022-09-28,2022-09-28 18:00:00
2022-09-29,2022-09-29 14:35:36,PLAYER_137,Mens Soccer,299.5,310.5,-1.8032786885245904,130.73175,135.53325,-1.803278688524592,707.500286,7149.893382,2022-09-29,2022-09-29 18:00:00
2022-10-04,2022-10-04 19:21:07,PLAYER_1186,Mens Basketball,376.25,338.5,5.28156698146205,174.391875,156.89475,5.281566981462054,770.939207,4766.897392,2022-10-04,2022-10-04 17:10:00
2022-10-04,2022-10-04 19:17:10,PLAYER_557,Mens Basketball,343.0,361.75,-2.660517914153955,158.9805,167.671125,-2.6605179141539503,640.645817,4154.076739,2022-10-04,2022-10-04 17:10:00
2022-10-04,2022-10-04 19:11:13,PLAYER_755,Mens Basketball,330.0,290.5,6.365834004834811,176.715,155.56275,6.365834004834814,712.699457,5850.645844,2022-10-04,2022-10-04 17:10:00
2022-10-19,2022-10-19 11:09:19,PLAYER_719,Womens Soccer,204.5,145.25,16.940671908506076,81.90225,58.172625,16.940671908506076,435.55827,4243.3005,2022-10-19,2022-10-19 15:55:00
2022-12-13,2022-12-13 16:18:37,PLAYER_1128,Womens Basketball,383.25,285.0,14.702581369248035,167.288625,124.4025,14.702581369248033,399.126668,2438.345919,2022-12-13,2022-12-13 12:50:00
2023-04-17,2023-04-17 17:00:43,PLAYER_1128,Womens Basketball,208.75,248.75,-8.743169398907105,91.119375,108.579375,-8.7431693989071,983.356019,6854.253013,2023-04-17,2023-04-17 13:20:00
2023-04-17,2023-04-17 17:01:14,PLAYER_1128,Womens Basketball,356.25,299.5,8.654212733511246,155.503125,130.73175,8.65421273351125,983.356019,6854.253013,2023-04-17,2023-04-17 13:20:00
2023-04-24,2023-04-24 17:38:53,PLAYER_1079,Mens Basketball,509.25,444.75,6.761006289308176,236.037375,206.141625,6.761006289308175,398.872947,2975.35537,2023-04-24,2023-04-24 17:43:00
2023-04-24,2023-04-24 16:50:13,PLAYER_1128,Womens Basketball,367.75,308.0,8.842027376988531,160.522875,134.442,8.84202737698853,811.463974,5608.186509,2023-04-24,2023-04-24 13:20:00
2023-06-26,2023-06-26 15:52:38,PLAYER_154,Football,492.0,468.25,2.473314241083051,210.33,200.176875,2.4733142410830555,378.420754,1735.647502,2023-06-26,2023-06-26 13:30:00
2023-06-26,2023-06-26 14:12:39,PLAYER_230,Football,427.0,380.5,5.758513931888545,209.4435,186.63525,5.758513931888541,347.673042,2623.832002,2023-06-26,2023-06-26 11:58:54
2023-06-29,2023-06-29 13:42:17,PLAYER_021,Football,551.75,499.0,5.020223649773971,240.838875,217.8135,5.02022364977397,0.36925,4.0098,2023-06-29,2023-06-29 11:58:41
2023-06-29,2023-06-29 14:20:17,PLAYER_093,Football,605.0,537.75,5.884926711879239,280.4175,249.247125,5.88492671187924,0.762333,5.3977,2023-06-29,2023-06-29 11:58:41
2023-06-29,2023-06-29 15:44:52,PLAYER_342,Football,562.0,541.75,1.8346545866364665,255.429,246.225375,1.8346545866364643,0.034418,0.8401,2023-06-29,2023-06-29 11:58:41
2023-06-29,2023-06-29 15:46:42,PLAYER_567,Football,509.5,597.5,-7.949412827461607,254.49525,298.45125,-7.949412827461611,0.035105,0.9209,2023-06-29,2023-06-29 11:58:41
2023-07-10,2023-07-10 12:11:04,PLAYER_1079,Mens Basketball,528.0,439.0,9.20372285418821,249.48,207.4275,9.203722854188207,435.470485,2991.409411,2023-07-10,2023-07-10 16:30:00
2023-07-10,2023-07-10 12:06:17,PLAYER_1186,Mens Basketball,388.25,361.75,3.5333333333333337,179.953875,167.671125,3.53333333333334,485.787106,3621.041899,2023-07-10,2023-07-10 16:30:00
2023-07-10,2023-07-10 12:05:03,PLAYER_755,Mens Basketball,389.5,326.5,8.798882681564246,208.57725,174.84075,8.798882681564239,513.937522,4050.186812,2023-07-10,2023-07-10 16:30:00
2023-07-11,2023-07-11 13:50:26,PLAYER_021,Football,581.0,502.75,7.220299884659746,253.6065,219.450375,7.220299884659748,262.595357,1280.709055,2023-07-11,2023-07-11 12:00:00
2023-07-11,2023-07-11 13:51:46,PLAYER_093,Football,575.25,590.0,-1.2658227848101267,261.451125,268.155,-1.2658227848101233,438.471886,1343.702917,2023-07-11,2023-07-11 12:00:00
2023-07-11,2023-07-11 14:01:21,PLAYER_154,Football,523.75,477.75,4.593110334498253,223.903125,204.238125,4.593110334498251,234.726333,1378.910889,2023-07-11,2023-07-11 12:00:00
2023-07-11,2023-07-11 13:23:54,PLAYER_230,Football,482.0,433.75,5.268905268905269,223.407,201.043125,5.268905268905271,265.469904,1585.687138,2023-07-11,2023-07-11 12:00:00
2023-07-13,2023-07-13 15:06:44,PLAYER_1129,Football,225.0,243.75,-4.0,108.3375,117.365625,-3.999999999999995,347.210166,1814.052001,2023-07-13,2023-07-13 13:30:03
2023-07-13,2023-07-13 15:06:56,PLAYER_1129,Football,270.25,311.0,-7.010752688172044,130.125375,149.7465,-7.010752688172045,347.210166,1814.052001,2023-07-13,2023-07-13 13:30:03
2023-07-13,2023-07-13 15:07:30,PLAYER_1129,Football,233.5,284.75,-9.889049686444766,112.43025,137.107125,-9.889049686444764,347.210166,1814.052001,2023-07-13,2023-07-13 13:30:03
2023-07-13,2023-07-13 14:58:16,PLAYER_154,Football,440.5,263.25,25.186500888099467,188.31375,112.539375,25.186500888099467,507.503528,1905.167002,2023-07-13,2023-07-13 13:30:03
2023-07-13,2023-07-13 14:58:29,PLAYER_154,Football,350.75,263.25,14.250814332247558,149.945625,112.539375,14.250814332247556,507.503528,1905.167002,2023-07-13,2023-07-13 13:30:03
2023-07-13,2023-07-13 14:58:54,PLAYER_154,Football,342.5,248.75,15.856236786469344,146.41875,106.340625,15.85623678646934,507.503528,1905.167002,2023-07-13,2023-07-13 13:30:03
2023-07-13,2023-07-13 15:22:45,PLAYER_342,Football,469.75,471.25,-0.1594048884165781,234.640125,235.389375,-0.15940488841657585,596.772629,1961.623801,2023-07-13,2023-07-13 13:30:03
2023-07-13,2023-07-13 15:23:08,PLAYER_342,Football,407.5,414.25,-0.8214177061149984,203.54625,206.917875,-0.8214177061150041,596.772629,1961.623801,2023-07-13,2023-07-13 13:30:03
2023-07-13,2023-07-13 15:23:35,PLAYER_342,Football,320.0,306.75,2.114080574391703,159.84,153.221625,2.114080574391708,596.772629,1961.623801,2023-07-13,2023-07-13 13:30:03
2023-07-13,2023-07-13 15:20:08,PLAYER_567,Football,684.25,692.5,-0.5992373343017977,335.624625,339.67125,-0.5992373343017986,521.02325,1421.964001,2023-07-13,2023-07-13 13:30:03
2023-07-13,2023-07-13 15:20:32,PLAYER_567,Football,537.25,487.75,4.829268292682927,263.521125,239.241375,4.829268292682923,521.02325,1421.964001,2023-07-13,2023-07-13 13:30:03
2023-07-13,2023-07-13 15:20:59,PLAYER_567,Football,547.0,377.75,18.302243849689106,268.3035,185.286375,18.302243849689106,521.02325,1421.964001,2023-07-13,2023-07-13 13:30:03
2023-07-17,2023-07-17 12:57:44,PLAYER_084,Womens Soccer,340.0,265.75,12.257531985142386,142.29,111.216375,12.257531985142384,244.036551,2251.68382,2023-07-17,2023-07-17 11:58:00
2023-07-17,2023-07-17 12:56:17,PLAYER_1094,Womens Soccer,338.0,319.75,2.774610414291144,144.495,136.693125,2.7746104142911423,225.454559,2157.641421,2023-07-17,2023-07-17 11:58:00
2023-07-17,2023-07-17 12:58:56,PLAYER_115,Womens Soccer,262.75,241.0,4.317617866004963,107.596125,98.6895,4.317617866004966,235.191583,2189.018246,2023-07-17,2023-07-17 11:58:00
2023-07-17,2023-07-17 13:02:15,PLAYER_1152,Womens Soccer,302.25,293.75,1.4261744966442953,123.771375,120.290625,1.4261744966442955,0.230967,,2023-07-17,2023-07-17 11:58:00
2023-07-17,2023-07-17 12:47:08,PLAYER_218,Womens Soccer,337.0,305.0,4.984423676012461,134.9685,122.1525,4.9844236760124625,216.912372,1860.628892,2023-07-17,2023-07-17 11:58:00
2023-07-17,2023-07-17 11:34:21,PLAYER_457,Womens Soccer,238.0,228.5,2.0364415862808145,97.461,93.57075,2.036441586280812,201.580667,1856.735074,2023-07-17,2023-07-17 11:58:00
2023-07-17,2023-07-17 11:40:20,PLAYER_457,Womens Soccer,247.25,254.0,-1.346633416458853,101.248875,104.013,-1.3466334164588563,201.580667,1856.735074,2023-07-17,2023-07-17 11:58:00
2023-07-17,2023-07-17 12:44:34,PLAYER_685,Womens Soccer,323.0,296.25,4.319741622930965,135.1755,123.980625,4.319741622930963,230.357988,2019.854869,2023-07-17,2023-07-17 11:58:00
2023-07-17,2023-07-17 11:38:52,PLAYER_719,Womens Soccer,231.0,179.75,12.477175897748022,92.5155,71.989875,12.477175897748022,217.643873,2223.140638,2023-07-17,2023-07-17 11:58:00
2023-07-17,2023-07-17 13:00:50,PLAYER_796,Womens Soccer,345.25,261.75,13.756177924217464,125.843625,95.407875,13.75617792421746,233.934187,2200.428679,2023-07-17,2023-07-17 11:58:00
2023-07-17,2023-07-17 11:37:19,PLAYER_803,Womens Soccer,199.75,211.5,-2.857142857142857,74.606625,78.99525,-2.8571428571428603,234.891257,2703.475785,2023-07-17,2023-07-17 11:58:00
2023-07-17,2023-07-17 12:48:47,PLAYER_944,Womens Soccer,330.25,313.25,2.641802641802642,126.320625,119.818125,2.6418026418026463,251.595805,2332.948319,2023-07-17,2023-07-17 11:58:00
2023-07-19,2023-07-19 13:14:52,PLAYER_084,Womens Soccer,219.5,188.5,7.598039215686274,91.86075,78.88725,7.598039215686275,256.729549,2303.991033,2023-07-19,2023-07-19 11:59:00
2023-07-19,2023-07-19 13:13:56,PLAYER_1094,Womens Soccer,258.5,224.25,7.09476954945624,110.50875,95.866875,7.094769549456246,236.978888,2237.717835,2023-07-19,2023-07-19 11:59:00
2023-07-19,2023-07-19 13:03:53,PLAYER_115,Womens Soccer,161.5,139.0,7.487520798668886,66.13425,56.9205,7.487520798668884,242.17538,2221.798474,2023-07-19,2023-07-19 11:59:00
2023-07-19,2023-07-19 13:07:45,PLAYER_218,Womens Soccer,298.25,196.0,20.687910976226608,119.449125,78.498,20.6879109762266,222.975415,1888.289209,2023-07-19,2023-07-19 11:59:00
2023-07-19,2023-07-19 12:56:43,PLAYER_457,Womens Soccer,339.75,327.5,1.8358935931060323,139.127625,134.11125,1.8358935931060256,217.175115,1914.99589,2023-07-19,2023-07-19 11:59:00
2023-07-19,2023-07-19 13:01:39,PLAYER_685,Womens Soccer,213.75,270.75,-11.76470588235294,89.454375,113.308875,-11.764705882352942,262.908449,2271.456546,2023-07-19,2023-07-19 11:59:00
2023-07-19,2023-07-19 12:55:31,PLAYER_719,Womens Soccer,324.75,280.25,7.355371900826446,130.062375,112.240125,7.355371900826444,243.416328,2112.647495,2023-07-19,2023-07-19 11:59:00
2023-07-19,2023-07-19 13:11:14,PLAYER_780,Womens Soccer,305.0,386.5,-11.785972523499638,144.1125,182.62125,-11.785972523499638,246.692701,2092.641987,2023-07-19,2023-07-19 11:59:00
2023-07-19,2023-07-19 13:09:06,PLAYER_796,Womens Soccer,176.5,187.75,-3.088538091969801,64.33425,68.434875,-3.0885380919698067,244.41726,2164.526584,2023-07-19,2023-07-19 11:59:00
2023-07-19,2023-07-19 13:17:01,PLAYER_803,Womens Soccer,315.0,294.5,3.3634126333059884,117.6525,109.99575,3.3634126333059893,228.365171,2306.135737,2023-07-19,2023-07-19 11:59:00
2023-07-19,2023-07-19 13:19:34,PLAYER_910,Womens Soccer,178.5,170.5,2.292263610315186,66.66975,63.68175,2.2922636103151808,237.624267,2103.753616,2023-07-19,2023-07-19 11:59:00
2023-07-19,2023-07-19 13:02:49,PLAYER_944,Womens Soccer,200.25,218.5,-4.358208955223881,76.595625,83.57625,-4.3582089552238825,267.438941,2435.498752,2023-07-19,2023-07-19 11:59:00
2023-07-25,2023-07-25 18:08:24,PLAYER_066,Mens Basketball,402.0,391.75,1.2913385826771655,189.945,185.101875,1.2913385826771617,510.207528,3919.366754,2023-07-25,2023-07-25 16:30:58
2023-07-25,2023-07-25 18:14:39,PLAYER_557,Mens Basketball,289.25,196.75,19.032921810699587,134.067375,91.193625,19.03292181069959,492.438528,3911.983961,2023-07-25,2023-07-25 16:30:58
2023-07-25,2023-07-25 17:59:51,PLAYER_755,Mens Basketball,236.5,225.75,2.3255813953488373,126.64575,120.889125,2.3255813953488373,478.824457,3843.091725,2023-07-25,2023-07-25 16:30:58
2023-07-25,2023-07-25 18:15:48,PLAYER_988,Mens Basketball,333.0,363.25,-4.344703770197487,166.3335,181.443375,-4.344703770197491,547.07497,4304.329837,2023-07-25,2023-07-25 16:30:58
2023-07-26,2023-07-26 13:14:12,PLAYER_052,Womens Soccer,171.5,200.5,-7.795698924731183,70.22925,82.10475,-7.795698924731184,335.17501,3346.737744,2023-07-26,2023-07-26 11:57:02
2023-08-04,2023-08-04 20:37:03,PLAYER_1129,Football,389.0,392.0,-0.3841229193341869,187.3035,188.748,-0.3841229193341807,490.053944,4721.021202,2023-08-04,2023-08-04 12:58:08
2023-08-04,2023-08-04 20:24:59,PLAYER_154,Football,365.75,297.0,10.37344398340249,156.358125,126.9675,10.373443983402488,529.955175,4854.666904,2023-08-04,2023-08-04 12:58:08
2023-08-08,2023-08-08 16:09:41,PLAYER_1077,Mens Soccer,280.0,256.75,4.3316255239869585,104.58,95.896125,4.3316255239869585,497.437774,4759.218498,2023-08-08,2023-08-08 14:24:35
2023-08-08,2023-08-08 15:47:34,PLAYER_1114,Mens Soccer,436.0,342.25,12.046257629296498,186.39,146.311875,12.0462576292965,535.193522,4747.804798,2023-08-08,2023-08-08 14:24:35
2023-08-08,2023-08-08 15:48:43,PLAYER_1196,Mens Soccer,400.0,376.0,3.0927835051546393,189.0,177.66,3.09278350515464,498.430205,4309.412058,2023-08-08,2023-08-08 14:24:35
2023-08-08,2023-08-08 15:42:52,PLAYER_137,Mens Soccer,321.75,280.5,6.8493150684931505,140.443875,122.43825,6.849315068493149,464.655133,4431.155835,2023-08-08,2023-08-08 14:24:35
2023-08-08,2023-08-08 15:39:02,PLAYER_182,Mens Soccer,353.25,315.5,5.644859813084111,147.835125,132.03675,5.644859813084109,495.086819,4766.62166,2023-08-08,2023-08-08 14:24:35
2023-08-08,2023-08-08 15:39:18,PLAYER_182,Mens Soccer,326.0,320.0,0.9287925696594427,136.431,133.92,0.9287925696594517,495.086819,4766.62166,2023-08-08,2023-08-08 14:24:35
2023-08-08,2023-08-08 15:45:42,PLAYER_490,Mens Soccer,229.25,246.5,-3.6258539148712563,98.004375,105.37875,-3.6258539148712563,386.836376,3826.792212,2023-08-08,2023-08-08 14:24:35
2023-08-08,2023-08-08 15:46:15,PLAYER_617,Mens Soccer,475.0,346.25,15.67732115677321,220.1625,160.486875,15.677321156773214,490.966541,4104.711474,2023-08-08,2023-08-08 14:24:35
2023-08-08,2023-08-08 15:50:35,PLAYER_902,Mens Soccer,273.0,190.25,17.862924986508368,111.7935,77.907375,17.86292498650836,418.776309,4157.624488,2023-08-08,2023-08-08 14:24:35
2023-08-08,2023-08-08 15:51:10,PLAYER_964,Mens Soccer,265.5,275.5,-1.8484288354898337,118.28025,122.73525,-1.848428835489833,414.036005,3889.510671,2023-08-08,2023-08-08 14:24:35
2023-08-09,2023-08-09 20:32:23,PLAYER_230,Football,501.75,448.5,5.6037884767166535,232.561125,207.87975,5.603788476716654,472.086739,4485.301002,2023-08-09,2023-08-09 13:14:14
2023-08-09,2023-08-09 20:26:43,PLAYER_567,Football,455.75,462.75,-0.7621121393576483,223.545375,226.978875,-0.7621121393576441,466.063995,4345.251001,2023-08-09,2023-08-09 13:14:14
2023-08-14,2023-08-14 20:46:59,PLAYER_021,Football,487.0,428.25,6.419011199125922,212.5755,186.931125,6.41901119912592,410.464485,4037.674004,2023-08-14,2023-08-14 12:59:39
2023-08-15,2023-08-15 13:37:10,PLAYER_084,Womens Soccer,227.75,196.75,7.302709069493522,95.313375,82.339875,7.302709069493514,501.481191,4259.852879,2023-08-15,2023-08-15 11:25:00
2023-08-15,2023-08-15 13:30:12,PLAYER_218,Womens Soccer,282.75,224.75,11.428571428571429,113.241375,90.012375,11.428571428571427,389.274553,2980.060833,2023-08-15,2023-08-15 11:25:00
2023-08-15,2023-08-15 13:21:15,PLAYER_719,Womens Soccer,221.0,233.5,-2.7502750275027505,88.5105,93.51675,-2.7502750275027554,549.008459,5120.663926,2023-08-15,2023-08-15 11:25:00
2023-08-15,2023-08-15 13:38:08,PLAYER_780,Womens Soccer,336.75,359.5,-3.267504488330341,159.114375,169.86375,-3.2675044883303457,480.906844,4150.024841,2023-08-15,2023-08-15 11:25:00
2023-08-15,2023-08-15 13:24:24,PLAYER_803,Womens Soccer,190.25,186.25,1.0624169986719787,71.058375,69.564375,1.0624169986719787,491.760021,4942.927476,2023-08-15,2023-08-15 11:25:00
2023-08-17,2023-08-17 15:18:53,PLAYER_1077,Mens Soccer,233.0,263.75,-6.190236537493709,87.0255,98.510625,-6.190236537493715,425.004621,2623.653671,2023-08-17,2023-08-17 13:30:58
2023-08-17,2023-08-17 15:26:17,PLAYER_1114,Mens Soccer,388.25,338.0,6.919104991394148,165.976875,144.495,6.919104991394148,485.285242,2914.50799,2023-08-17,2023-08-17 13:30:58
2023-08-17,2023-08-17 15:25:32,PLAYER_1196,Mens Soccer,303.0,291.5,1.9343986543313711,143.1675,137.73375,1.934398654331372,385.980521,2478.30036,2023-08-17,2023-08-17 13:30:58
2023-08-17,2023-08-17 15:29:19,PLAYER_137,Mens Soccer,326.5,292.0,5.578011317704123,142.51725,127.458,5.578011317704121,430.874271,3301.55983,2023-08-17,2023-08-17 13:30:58
2023-08-17,2023-08-17 15:24:39,PLAYER_182,Mens Soccer,289.5,277.25,2.1614468460520513,121.15575,116.029125,2.161446846052053,419.263674,2906.576251,2023-08-17,2023-08-17 13:30:58
2023-08-17,2023-08-17 15:21:45,PLAYER_617,Mens Soccer,417.25,363.0,6.952899711630887,193.395375,168.2505,6.9528997116308915,398.044498,2520.386924,2023-08-17,2023-08-17 13:30:58
2023-08-17,2023-08-17 15:33:14,PLAYER_902,Mens Soccer,271.0,255.0,3.041825095057034,110.9745,104.4225,3.041825095057037,433.820602,2454.179199,2023-08-17,2023-08-17 13:30:58
2023-08-17,2023-08-17 15:18:22,PLAYER_964,Mens Soccer,338.75,327.0,1.7649267743146828,150.913125,145.6785,1.7649267743146804,413.319923,2846.631238,2023-08-17,2023-08-17 13:30:58
2023-08-20,2023-08-20 21:04:21,PLAYER_021,Football,444.75,429.75,1.7152658662092626,194.133375,187.585875,1.715265866209266,319.622608,2699.610703,2023-08-20,2023-08-20 23:39:12
2023-08-20,2023-08-20 20:50:37,PLAYER_093,Football,509.5,605.5,-8.609865470852018,231.56775,275.19975,-8.60986547085202,322.868456,2858.847003,2023-08-20,2023-08-20 23:39:12
2023-08-20,2023-08-20 21:02:01,PLAYER_1129,Football,364.75,326.75,5.49530007230658,175.627125,157.330125,5.495300072306578,307.346828,2723.402401,2023-08-20,2023-08-20 23:39:12
2023-08-20,2023-08-20 20:53:08,PLAYER_154,Football,449.25,362.5,10.686787804126887,192.054375,154.96875,10.686787804126885,327.764118,2930.1693,2023-08-20,2023-08-20 23:39:12
2023-08-20,2023-08-20 20:55:24,PLAYER_230,Football,523.25,420.5,10.887417218543046,242.526375,194.90175,10.887417218543048,437.032482,3635.577102,2023-08-20,2023-08-20 23:39:12
2023-08-20,2023-08-20 21:06:25,PLAYER_342,Football,433.25,382.75,6.188725490196079,196.912125,173.959875,6.1887254901960755,356.332218,1846.033501,2023-08-20,2023-08-20 23:39:12
2023-08-20,2023-08-20 21:10:59,PLAYER_567,Football,392.25,423.5,-3.8308305240576157,192.398625,207.72675,-3.8308305240576157,406.133289,3978.585702,2023-08-20,2023-08-20 23:39:12
2023-08-21,2023-08-21 15:56:05,PLAYER_1077,Mens Soccer,261.75,264.75,-0.5698005698005698,97.763625,98.884125,-0.5698005698005661,678.307892,5541.910602,2023-08-21,2023-08-21 08:30:48
2023-08-21,2023-08-21 15:54:28,PLAYER_1114,Mens Soccer,397.25,359.0,5.0578512396694215,169.824375,153.4725,5.057851239669424,631.252075,5265.76277,2023-08-21,2023-08-21 08:30:48
2023-08-21,2023-08-21 16:03:12,PLAYER_1196,Mens Soccer,400.75,520.5,-12.99864314789688,189.354375,245.93625,-12.99864314789688,603.133559,4942.780478,2023-08-21,2023-08-21 08:30:48
2023-08-21,2023-08-21 15:57:43,PLAYER_137,Mens Soccer,341.75,341.5,0.03658982802780827,149.173875,149.06475,0.03658982802781025,574.809526,5264.478757,2023-08-21,2023-08-21 08:30:48
2023-08-21,2023-08-21 16:02:37,PLAYER_182,Mens Soccer,355.5,389.5,-4.563758389261745,148.77675,163.00575,-4.563758389261749,638.841038,5249.716074,2023-08-21,2023-08-21 08:30:48
2023-08-21,2023-08-21 16:01:51,PLAYER_490,Mens Soccer,208.5,307.0,-19.107662463627545,89.13375,131.2425,-19.107662463627545,599.546803,5102.515769,2023-08-21,2023-08-21 08:30:48
2023-08-21,2023-08-21 15:51:10,PLAYER_617,Mens Soccer,493.25,419.75,8.05038335158817,228.621375,194.554125,8.05038335158817,577.303673,4614.960258,2023-08-21,2023-08-21 08:30:48
2023-08-21,2023-08-21 16:07:19,PLAYER_902,Mens Soccer,267.75,254.0,2.635361763296598,109.643625,104.013,2.6353617632965953,604.177142,5026.692949,2023-08-21,2023-08-21 08:30:48
2023-08-21,2023-08-21 16:01:19,PLAYER_964,Mens Soccer,279.5,292.25,-2.229995627459554,124.51725,130.197375,-2.22999562745955,553.523089,4792.189913,2023-08-21,2023-08-21 08:30:48
2023-09-01,2023-09-01 20:38:35,PLAYER_1128,Womens Basketball,383.25,335.75,6.606397774687066,167.288625,146.554875,6.606397774687061,256.145419,2050.241193,2023-09-01,2023-09-01 11:50:00
2023-09-01,2023-09-01 20:24:03,PLAYER_555,Womens Basketball,375.5,311.0,9.395484340859433,157.14675,130.1535,9.395484340859428,197.934045,1553.477129,2023-09-01,2023-09-01 11:50:00
2023-09-02,2023-09-02 11:14:58,PLAYER_093,Football,535.25,525.25,0.942951438000943,248.088375,243.453375,0.942951438000947,378.442924,3562.096103,2023-09-02,2023-09-02 14:07:07
2023-09-02,2023-09-02 11:16:11,PLAYER_154,Football,409.25,293.0,16.553933784264864,174.954375,125.2575,16.553933784264867,363.246943,2977.584002,2023-09-02,2023-09-02 14:07:07
2023-09-02,2023-09-02 11:25:28,PLAYER_230,Football,515.0,435.25,8.392528282031044,238.7025,201.738375,8.392528282031044,436.740678,3986.070601,2023-09-02,2023-09-02 14:07:07
2023-09-02,2023-09-02 11:31:45,PLAYER_342,Football,371.25,367.75,0.4736129905277402,168.733125,167.142375,0.47361299052774436,481.168157,5356.343401,2023-09-02,2023-09-02 14:07:07
2024-01-23,2024-01-23 15:42:31,PLAYER_021,Football,581.75,513.25,6.255707762557078,253.933875,224.033625,6.255707762557078,302.348307,1193.067101,2024-01-23,2024-01-23 13:39:01
2024-01-23,2024-01-23 15:44:17,PLAYER_093,Football,537.5,508.0,2.8216164514586324,249.13125,235.458,2.8216164514586315,293.248226,1340.758902,2024-01-23,2024-01-23 13:39:01
2024-01-23,2024-01-23 15:24:23,PLAYER_230,Football,434.0,451.75,-2.0039514535704206,208.971,217.517625,-2.003951453570422,247.526375,1200.1234,2024-01-23,2024-01-23 11:38:54
2024-01-23,2024-01-23 13:30:34,PLAYER_342,Football,598.25,560.75,3.235547886108715,271.904625,254.860875,3.235547886108718,233.226851,1112.5032,2024-01-23,2024-01-23 11:38:54
2024-01-23,2024-01-23 13:33:12,PLAYER_567,Football,556.5,574.5,-1.5915119363395225,272.96325,281.79225,-1.591511936339524,230.118141,1146.002601,2024-01-23,2024-01-23 11:38:54
2024-01-30,2024-01-30 13:39:00,PLAYER_482,Football,473.25,447.75,2.768729641693811,240.647625,227.680875,2.7687296416938154,345.314173,1990.564102,2024-01-30,2024-01-30 11:41:05
2024-02-14,2024-02-14 16:15:24,PLAYER_1128,Womens Basketball,396.25,313.5,11.659034871433603,172.963125,136.84275,11.659034871433601,677.611754,4895.40923,2024-02-14,2024-02-14 13:53:30
2024-02-14,2024-02-14 16:18:47,PLAYER_555,Womens Basketball,299.75,275.75,4.170286707211121,125.445375,115.401375,4.17028670721112,485.63612,3834.807885,2024-02-14,2024-02-14 13:53:30
2024-03-07,2024-03-07 13:20:25,PLAYER_482,Football,624.5,609.25,1.2360688956433636,317.55825,309.803625,1.2360688956433596,149.523991,558.325101,2024-03-07,2024-03-07 11:40:34
2024-03-08,2024-03-08 15:27:07,PLAYER_021,Football,350.75,284.25,10.47244094488189,153.102375,124.075125,10.472440944881887,371.92907,2752.8123,2024-03-08,2024-03-08 12:53:44
2024-03-08,2024-03-08 15:11:35,PLAYER_093,Football,575.75,517.0,5.376344086021505,266.860125,239.6295,5.376344086021501,418.154427,3134.533701,2024-03-08,2024-03-08 12:53:44
2024-03-08,2024-03-08 16:10:12,PLAYER_230,Football,513.5,472.25,4.184630991630738,247.25025,227.388375,4.184630991630738,452.40395,3404.310302,2024-03-08,2024-03-08 12:53:44
2024-03-08,2024-03-08 15:33:45,PLAYER_342,Football,435.25,484.75,-5.380434782608696,197.821125,220.318875,-5.380434782608695,0.605538,,2024-03-08,2024-03-08 12:53:44
2024-03-08,2024-03-08 14:53:39,PLAYER_567,Football,565.75,591.5,-2.2251026139554977,277.500375,290.13075,-2.2251026139554906,369.91889,2824.688901,2024-03-08,2024-03-08 12:53:44
2024-04-22,2024-04-22 20:26:15,PLAYER_033,Mens Soccer,448.25,427.25,2.3986293546544832,207.763875,198.030375,2.398629354654488,880.656896,7814.952804,2024-04-22,2024-04-22 18:00:00
2024-04-22,2024-04-22 20:29:12,PLAYER_1077,Mens Soccer,404.0,357.75,6.071545782737118,150.894,133.619625,6.071545782737115,848.631253,7283.758439,2024-04-22,2024-04-22 18:00:00
2024-04-22,2024-04-22 20:30:59,PLAYER_182,Mens Soccer,491.75,473.75,1.8643190056965304,205.797375,198.264375,1.8643190056965273,922.987412,8155.199936,2024-04-22,2024-04-22 18:00:00
2024-04-22,2024-04-22 20:10:19,PLAYER_193,Mens Soccer,478.25,512.0,-3.4082302448876547,,,,9.484071,45.940825,2024-04-22,2024-04-22 16:30:00
2024-04-22,2024-04-22 20:11:01,PLAYER_193,Mens Soccer,461.75,478.0,-1.7291832934291034,,,,9.484071,45.940825,2024-04-22,2024-04-22 16:30:00
2024-04-22,2024-04-22 20:19:14,PLAYER_423,Mens Soccer,505.75,431.25,7.950907150480256,220.759875,188.240625,7.950907150480256,757.069279,6391.199401,2024-04-22,2024-04-22 18:00:00
2024-04-22,2024-04-22 20:28:15,PLAYER_732,Mens Soccer,426.5,478.0,-5.693753454947484,178.49025,200.043,-5.693753454947485,719.844104,6628.874428,2024-04-22,2024-04-22 18:00:00
2024-04-22,2024-04-22 20:08:54,PLAYER_902,Mens Soccer,273.25,277.75,-0.8166969147005444,111.895875,113.738625,-0.8166969147005423,821.462997,6789.465348,2024-04-22,2024-04-22 18:00:00
2024-04-23,2024-04-23 15:33:13,PLAYER_1114,Mens Soccer,380.75,402.5,-2.776891158633897,162.770625,172.06875,-2.7768911586338967,762.082822,6381.586051,2024-04-23,2024-04-23 19:00:00
2024-04-23,2024-04-23 17:27:44,PLAYER_137,Mens Soccer,428.5,441.75,-1.522550991094513,187.04025,192.823875,-1.5225509910945134,886.172275,8325.203249,2024-04-23,2024-04-23 19:00:00
2024-06-06,2024-06-06 15:06:21,PLAYER_021,Football,500.5,516.0,-1.5248401377274963,218.46825,225.234,-1.5248401377274954,0.139977,0.2338,2024-06-06,2024-06-06 13:25:42
2024-06-06,2024-06-06 15:09:55,PLAYER_093,Football,542.0,584.0,-3.7300177619893424,251.217,270.684,-3.7300177619893446,0.3057,1.0161,2024-06-06,2024-06-06 13:25:42
2024-06-06,2024-06-06 15:09:18,PLAYER_230,Football,542.75,506.5,3.454848701453419,261.334125,243.87975,3.4548487014534133,293.202528,1335.545702,2024-06-06,2024-06-06 10:57:02
2024-06-06,2024-06-06 12:26:00,PLAYER_342,Football,557.5,518.0,3.672710367271037,253.38375,235.431,3.672710367271033,378.828279,212.4208,2024-06-06,2024-06-06 10:57:02
2024-06-06,2024-06-06 12:31:15,PLAYER_567,Football,655.75,532.0,10.418859187539466,321.645375,260.946,10.41885918753946,252.207111,1110.088401,2024-06-06,2024-06-06 10:57:02
2024-06-24,2024-06-24 17:51:05,PLAYER_066,Mens Basketball,569.25,553.5,1.402805611222445,268.970625,261.52875,1.4028056112224414,434.889658,3196.791054,2024-06-24,2024-06-24 16:11:49
2024-06-24,2024-06-24 17:48:33,PLAYER_1079,Mens Basketball,541.25,484.0,5.584003901487442,255.740625,228.69,5.584003901487441,399.648905,3439.285402,2024-06-24,2024-06-24 16:11:49
2024-06-24,2024-06-24 17:51:54,PLAYER_1186,Mens Basketball,374.75,367.5,0.9767598518019536,190.560375,186.87375,0.9767598518019515,459.576918,2944.446901,2024-06-24,2024-06-24 16:11:49
2024-06-24,2024-06-24 17:41:14,PLAYER_252,Mens Basketball,334.25,311.75,3.48297213622291,142.891875,133.273125,3.482972136222913,502.076103,3333.220763,2024-06-24,2024-06-24 16:11:49
2024-06-24,2024-06-24 17:46:18,PLAYER_270,Mens Basketball,426.25,385.75,4.987684729064039,189.894375,171.851625,4.987684729064036,483.858097,3813.130853,2024-06-24,2024-06-24 16:11:49
2024-06-24,2024-06-24 17:44:15,PLAYER_557,Mens Basketball,420.75,414.5,0.7482789583956899,191.230875,188.39025,0.7482789583956869,409.106424,2782.394695,2024-06-24,2024-06-24 16:11:49
2024-06-24,2024-06-24 17:45:15,PLAYER_579,Mens Basketball,409.5,397.75,1.4555589965933726,211.91625,205.835625,1.4555589965933722,431.587766,3126.62245,2024-06-24,2024-06-24 16:11:49
2024-06-24,2024-06-24 17:43:25,PLAYER_593,Mens Basketball,417.25,358.25,7.607994842037395,197.150625,169.273125,7.607994842037395,459.224855,2904.79259,2024-06-24,2024-06-24 16:11:49
2024-06-24,2024-06-24 17:54:21,PLAYER_755,Mens Basketball,400.25,313.5,12.154115586690018,214.333875,167.87925,12.154115586690017,502.164746,3655.71517,2024-06-24,2024-06-24 16:11:49
2024-06-24,2024-06-24 17:53:20,PLAYER_933,Mens Basketball,364.0,273.5,14.19607843137255,168.714,126.76725,14.196078431372547,469.570389,3617.692603,2024-06-24,2024-06-24 16:11:49
2024-06-24,2024-06-24 17:52:31,PLAYER_988,Mens Basketball,465.75,453.25,1.3601741022850924,241.025625,234.556875,1.3601741022850924,451.4827,2964.686599,2024-06-24,2024-06-24 16:11:49
2024-06-24,2024-06-24 17:49:39,PLAYER_995,Mens Basketball,366.0,284.0,12.615384615384615,172.935,134.19,12.615384615384617,456.090161,3303.428843,2024-06-24,2024-06-24 16:11:49
2024-07-03,2024-07-03 15:57:20,PLAYER_021,Football,480.25,385.5,10.944267975743575,200.984625,161.33175,10.944267975743575,520.399443,3678.519702,2024-07-03,2024-07-03 13:26:07
2024-07-03,2024-07-03 15:44:04,PLAYER_093,Football,672.75,561.5,9.013570994531092,311.819625,260.25525,9.01357099453109,571.865202,3973.650402,2024-07-03,2024-07-03 13:26:07
2024-07-03,2024-07-03 15:53:32,PLAYER_230,Football,446.25,466.75,-2.245345016429354,194.788125,203.736375,-2.2453450164293542,606.485925,4487.752903,2024-07-03,2024-07-03 10:55:32
2024-07-03,2024-07-03 13:25:26,PLAYER_567,Football,530.0,484.0,4.536489151873767,245.655,224.334,4.5364891518737664,570.811257,4278.538101,2024-07-03,2024-07-03 10:55:32
2024-07-12,2024-07-12 14:13:32,PLAYER_021,Football,471.75,454.25,1.8898488120950323,197.427375,190.103625,1.889848812095037,314.13471,1862.2387,2024-07-12,2024-07-12 12:12:39
2024-07-12,2024-07-12 13:53:09,PLAYER_093,Football,542.25,560.5,-1.6549535252777148,251.332875,259.79175,-1.6549535252777106,330.455267,2071.018401,2024-07-12,2024-07-12 12:12:39
2024-07-12,2024-07-12 14:02:05,PLAYER_230,Football,450.5,461.75,-1.2332145793368046,196.64325,201.553875,-1.233214579336807,354.472198,2993.016801,2024-07-12,2024-07-12 10:27:44
2024-07-12,2024-07-12 12:21:22,PLAYER_342,Football,570.25,547.75,2.012522361359571,259.178625,248.952375,2.0125223613595753,371.344273,2859.8027,2024-07-12,2024-07-12 10:27:44
2024-07-12,2024-07-12 12:10:29,PLAYER_567,Football,570.75,495.25,7.082551594746716,264.542625,229.548375,7.0825515947467155,329.965275,2757.274999,2024-07-12,2024-07-12 10:27:44
2024-07-16,2024-07-16 14:04:08,PLAYER_555,Womens Basketball,288.25,247.25,7.65639589169001,120.632625,103.474125,7.6563958916900114,264.793097,1923.452377,2024-07-16,2024-07-16 12:30:00
2024-07-16,2024-07-16 14:04:20,PLAYER_555,Womens Basketball,271.5,248.75,4.372897645362806,113.62275,104.101875,4.3728976453628015,264.793097,1923.452377,2024-07-16,2024-07-16 12:30:00
2024-07-26,2024-07-26 13:32:55,PLAYER_021,Football,440.5,429.0,1.3225991949396205,184.34925,179.5365,1.3225991949396265,249.161488,2112.056801,2024-07-26,2024-07-26 12:11:11
2024-07-26,2024-07-26 13:41:42,PLAYER_093,Football,569.25,550.75,1.6517857142857144,263.847375,255.272625,1.6517857142857133,249.545348,2216.0852,2024-07-26,2024-07-26 12:11:11
2024-07-26,2024-07-26 13:24:11,PLAYER_230,Football,484.5,489.75,-0.5388760585065435,211.48425,213.775875,-0.5388760585065459,0.138482,,2024-07-26,2024-07-26 10:27:00
2024-08-06,2024-08-06 14:10:14,PLAYER_033,Mens Soccer,381.75,424.25,-5.272952853598015,173.505375,192.821625,-5.272952853598022,1054.532083,9236.356707,2024-08-06,2024-08-06 20:30:01
2024-08-06,2024-08-06 14:13:59,PLAYER_1077,Mens Soccer,381.5,369.0,1.6655562958027983,142.49025,137.8215,1.6655562958028045,889.757144,6161.515066,2024-08-06,2024-08-06 20:30:01
2024-08-06,2024-08-06 14:16:28,PLAYER_1196,Mens Soccer,438.75,454.0,-1.708204984598152,207.309375,214.515,-1.7082049845981513,771.911833,5933.175648,2024-08-06,2024-08-06 20:30:01
2024-08-06,2024-08-06 14:17:04,PLAYER_137,Mens Soccer,444.5,397.25,5.613305613305614,198.02475,176.974875,5.6133056133056165,756.226751,5689.972056,2024-08-06,2024-08-06 20:30:01
2024-08-06,2024-08-06 14:22:03,PLAYER_182,Mens Soccer,448.0,443.0,0.5611672278338945,187.488,185.3955,0.5611672278338948,484.760205,3458.344698,2024-08-06,2024-08-06 20:30:01
2024-08-06,2024-08-06 14:19:26,PLAYER_193,Mens Soccer,469.25,483.25,-1.4698162729658792,209.050875,215.287875,-1.4698162729658848,839.627078,6934.268502,2024-08-06,2024-08-06 20:30:01
2024-08-06,2024-08-06 14:20:49,PLAYER_423,Mens Soccer,484.75,471.0,1.4386607376405964,194.142375,188.6355,1.438660737640591,774.157449,6276.046835,2024-08-06,2024-08-06 20:30:01
2024-08-06,2024-08-06 14:11:01,PLAYER_732,Mens Soccer,430.25,435.0,-0.5489742848887604,187.804125,189.8775,-0.5489742848887601,736.326873,5702.316821,2024-08-06,2024-08-06 20:30:01
2024-08-06,2024-08-06 14:15:44,PLAYER_964,Mens Soccer,340.75,323.5,2.5969138125705684,154.870875,147.03075,2.596913812570568,767.510513,6303.290117,2024-08-06,2024-08-06 20:30:01
2024-08-23,2024-08-23 19:38:03,PLAYER_021,Football,486.25,486.5,-0.02570033410434336,203.495625,203.60025,-0.025700334104343022,351.147743,2854.0146,2024-08-23,2024-08-23 13:19:37
2024-08-23,2024-08-23 19:38:51,PLAYER_093,Football,547.5,632.5,-7.203389830508475,253.76625,293.16375,-7.2033898305084705,471.555004,4576.363902,2024-08-23,2024-08-23 13:19:37
2024-08-23,2024-08-23 20:25:32,PLAYER_342,Football,557.25,572.5,-1.3498561628678911,253.270125,260.20125,-1.3498561628678927,368.96648,3306.4615,2024-08-23,2024-08-23 13:19:37
2024-08-23,2024-08-23 20:24:52,PLAYER_567,Football,573.75,518.5,5.058365758754864,265.933125,240.32475,5.058365758754868,494.140377,4176.933702,2024-08-23,2024-08-23 13:19:37
2024-09-24,2024-09-24 18:15:54,PLAYER_084,Womens Soccer,321.0,306.5,2.3107569721115535,134.3385,128.27025,2.310756972111556,483.674755,4441.156965,2024-09-24,2024-09-24 16:30:00
2024-09-24,2024-09-24 18:18:08,PLAYER_1094,Womens Soccer,379.75,343.25,5.048409405255878,162.343125,146.739375,5.0484094052558754,449.926759,4417.89518,2024-09-24,2024-09-24 16:30:00
2024-09-24,2024-09-24 12:29:15,PLAYER_115,Womens Soccer,307.25,293.0,2.3740108288213246,125.818875,119.9835,2.374010828821324,525.813746,4741.817563,2024-09-24,2024-09-24 16:30:00
2024-09-24,2024-09-24 18:06:48,PLAYER_1152,Womens Soccer,341.25,324.25,2.5544703230653645,139.741875,132.780375,2.554470323065365,481.331094,4782.16759,2024-09-24,2024-09-24 16:30:00
2024-09-24,2024-09-24 12:30:24,PLAYER_413,Womens Soccer,329.5,306.0,3.6978756884343036,137.89575,128.061,3.6978756884342983,499.069594,4971.699384,2024-09-24,2024-09-24 16:30:00
2024-09-24,2024-09-24 18:20:07,PLAYER_480,Womens Soccer,428.25,343.25,11.01749837977965,171.514125,137.471625,11.017498379779656,356.036743,3809.958095,2024-09-24,2024-09-24 16:30:00
2024-09-24,2024-09-24 18:21:25,PLAYER_552,Womens Soccer,345.5,317.5,4.223227752639517,129.04425,118.58625,4.2232277526395166,426.308971,4566.986451,2024-09-24,2024-09-24 16:30:00
2024-09-24,2024-09-24 18:29:17,PLAYER_685,Womens Soccer,328.25,271.75,9.416666666666666,137.372625,113.727375,9.41666666666667,466.267306,4532.260687,2024-09-24,2024-09-24 16:30:00
2024-09-24,2024-09-24 18:23:02,PLAYER_719,Womens Soccer,314.5,272.75,7.109408258833547,125.95725,109.236375,7.109408258833549,500.567746,4682.100908,2024-09-24,2024-09-24 16:30:00
2024-09-24,2024-09-24 18:26:22,PLAYER_746,Womens Soccer,412.25,351.0,8.024893547330494,172.526625,146.8935,8.024893547330498,507.882653,5348.522242,2024-09-24,2024-09-24 16:30:00
2024-09-24,2024-09-24 18:27:27,PLAYER_780,Womens Soccer,384.75,381.5,0.4241435562805873,181.794375,180.25875,0.4241435562805901,438.178282,4442.6833,2024-09-24,2024-09-24 16:30:00
2024-09-24,2024-09-24 18:11:43,PLAYER_803,Womens Soccer,300.25,282.25,3.0901287553648067,112.143375,105.420375,3.0901287553648062,466.210424,5274.335522,2024-09-24,2024-09-24 16:30:00
2024-09-24,2024-09-24 18:05:42,PLAYER_910,Womens Soccer,226.75,226.0,0.16565433462175594,84.691125,84.411,0.16565433462175486,427.17413,4322.213427,2024-09-24,2024-09-24 16:30:00
2024-09-24,2024-09-24 20:14:38,PLAYER_944,Womens Soccer,384.5,306.5,11.287988422575976,147.07125,117.23625,11.287988422575975,457.237308,4726.21585,2024-09-24,2024-09-24 16:30:00
2024-09-25,2024-09-25 16:01:46,PLAYER_1128,Womens Basketball,303.75,249.0,9.905020352781547,129.853125,106.4475,9.905020352781547,523.014978,3677.215945,2024-09-25,2024-09-25 13:33:00
2024-10-21,2024-10-21 16:08:47,PLAYER_1128,Womens Basketball,401.0,333.5,9.189925119128658,175.0365,145.57275,9.189925119128652,233.562901,1466.494018,2024-10-21,2024-10-21 12:20:00
2024-10-30,2024-10-30 17:53:54,PLAYER_033,Mens Soccer,366.5,436.5,-8.7173100871731,166.57425,198.38925,-8.7173100871731,969.733754,8962.50119,2024-10-30,2024-10-30 15:25:18
2024-10-30,2024-10-30 18:01:50,PLAYER_1114,Mens Soccer,391.5,383.0,1.0974822466107166,167.36625,163.7325,1.0974822466107228,836.88204,6935.027671,2024-10-30,2024-10-30 15:25:18
2024-10-30,2024-10-30 17:47:43,PLAYER_1196,Mens Soccer,324.75,445.5,-15.676728334956183,147.598875,202.47975,-15.676728334956183,782.218265,6332.828842,2024-10-30,2024-10-30 15:25:18
2024-10-30,2024-10-30 17:57:33,PLAYER_137,Mens Soccer,392.5,385.0,0.964630225080386,171.32625,168.0525,0.9646302250803795,914.952272,8769.973893,2024-10-30,2024-10-30 15:25:18
2024-10-30,2024-10-30 17:55:04,PLAYER_193,Mens Soccer,451.25,465.25,-1.5275504637206765,201.031875,207.268875,-1.5275504637206754,1166.927933,11006.811326,2024-10-30,2024-10-30 15:25:18
2024-10-30,2024-10-30 18:14:08,PLAYER_732,Mens Soccer,394.25,391.25,0.3819223424570337,172.090125,170.780625,0.3819223424570378,938.124364,8067.57585,2024-10-30,2024-10-30 15:25:18
2024-10-30,2024-10-30 18:14:54,PLAYER_902,Mens Soccer,297.0,379.75,-12.22755818248984,121.6215,155.507625,-12.22755818248984,1014.471995,8636.883614,2024-10-30,2024-10-30 15:25:18
2025-01-22,2025-01-22 13:46:41,PLAYER_021,Football,579.75,524.25,5.0271739130434785,242.625375,219.398625,5.027173913043474,0.034723,,2025-01-22,2025-01-22 17:59:44
2025-01-22,2025-01-22 13:42:46,PLAYER_1047,Football,524.25,498.25,2.5427872860635694,242.989875,230.938875,2.542787286063573,0.031375,,2025-01-22,2025-01-22 17:59:44
2025-01-22,2025-01-22 13:48:54,PLAYER_1232,Football,606.0,620.25,-1.162079510703364,280.881,287.485875,-1.1620795107033728,0.049688,,2025-01-22,2025-01-22 17:59:44
2025-01-22,2025-01-22 13:40:02,PLAYER_262,Football,614.25,519.5,8.357221609702316,284.704875,240.78825,8.357221609702318,0.045996,,2025-01-22,2025-01-22 17:59:44
2025-01-28,2025-01-28 15:30:10,PLAYER_093,Football,573.75,572.5,0.10905125408942204,271.096875,270.50625,0.1090512540894199,356.737495,1510.139401,2025-01-28,2025-01-28 13:41:23
2025-01-28,2025-01-28 15:43:10,PLAYER_1022,Football,567.0,528.75,3.4907597535934287,196.4655,183.211875,3.4907597535934287,352.45598,1354.194501,2025-01-28,2025-01-28 13:41:23
2025-01-28,2025-01-28 13:08:59,PLAYER_1055,Football,576.75,549.25,2.4422735346358793,241.369875,229.861125,2.4422735346358837,307.183258,1264.5994,2025-01-28,2025-01-28 11:46:11
2025-01-28,2025-01-28 15:19:50,PLAYER_230,Football,535.25,530.0,0.49284205585543295,248.088375,245.655,0.4928420558554355,402.028595,1521.231501,2025-01-28,2025-01-28 13:41:23
2025-01-28,2025-01-28 15:41:17,PLAYER_297,Football,379.0,390.5,-1.4944769330734242,175.6665,180.99675,-1.4944769330734182,335.003862,1290.662002,2025-01-28,2025-01-28 13:41:23
2025-01-28,2025-01-28 13:08:11,PLAYER_342,Football,576.0,587.75,-1.0096670247046187,287.712,293.581125,-1.0096670247046182,271.097546,932.462801,2025-01-28,2025-01-28 11:46:11
2025-01-28,2025-01-28 13:15:36,PLAYER_489,Football,509.5,589.75,-7.300432112804185,226.98225,262.733625,-7.30043211280419,261.450283,1142.3348,2025-01-28,2025-01-28 11:46:11
2025-01-28,2025-01-28 13:09:57,PLAYER_567,Football,533.75,519.25,1.3770180436847104,247.393125,240.672375,1.3770180436847124,262.521652,1272.7245,2025-01-28,2025-01-28 11:46:11
2025-01-28,2025-01-28 15:21:20,PLAYER_888,Football,454.25,430.25,2.7133973996608254,214.633125,203.293125,2.7133973996608263,337.494476,1474.568802,2025-01-28,2025-01-28 13:41:23
2025-01-28,2025-01-28 13:29:55,PLAYER_953,Football,396.25,394.25,0.2530044275774826,183.661875,182.734875,0.2530044275774883,307.950146,1376.722101,2025-01-28,2025-01-28 11:46:11
2025-02-24,2025-02-24 15:33:05,PLAYER_014,Football,506.5,558.5,-4.882629107981221,211.97025,233.73225,-4.882629107981221,0.202392,,2025-02-24,2025-02-24 11:41:28
2025-02-24,2025-02-24 15:20:16,PLAYER_021,Football,599.25,552.25,4.081632653061225,250.786125,231.116625,4.081632653061225,0.186582,,2025-02-24,2025-02-24 11:41:28
2025-02-24,2025-02-24 15:21:50,PLAYER_093,Football,584.25,591.25,-0.5954912803062526,260.283375,263.401875,-0.5954912803062603,0.175016,,2025-02-24,2025-02-24 11:41:28
2025-02-24,2025-02-24 15:32:15,PLAYER_1022,Football,524.25,449.5,7.676508344030809,238.271625,204.29775,7.676508344030807,0.167786,,2025-02-24,2025-02-24 11:41:28
2025-02-24,2025-02-24 13:30:05,PLAYER_1047,Football,473.25,459.5,1.474135620477084,219.351375,212.97825,1.4741356204770812,204.545948,779.3039,2025-02-24,2025-02-24 11:41:28
2025-02-24,2025-02-24 13:10:03,PLAYER_1055,Football,582.25,570.75,0.997398091934085,243.671625,238.858875,0.9973980919340838,250.101316,1059.428301,2025-02-24,2025-02-24 11:41:28
2025-02-24,2025-02-24 15:17:16,PLAYER_1126,Football,465.25,463.0,0.24239159709130084,215.643375,214.6005,0.24239159709129637,0.233614,,2025-02-24,2025-02-24 11:41:28
2025-02-24,2025-02-24 15:25:20,PLAYER_230,Football,608.75,547.0,5.342850962578413,260.240625,233.8425,5.342850962578416,0.241184,,2025-02-24,2025-02-24 11:41:28
2025-02-24,2025-02-24 13:23:07,PLAYER_262,Football,671.5,580.0,7.311226528166201,311.24025,268.83,7.311226528166204,219.222294,801.4194,2025-02-24,2025-02-24 11:41:28
2025-02-24,2025-02-24 15:18:46,PLAYER_297,Football,405.5,402.0,0.43343653250773995,169.70175,168.237,0.43343653250774267,0.201423,,2025-02-24,2025-02-24 11:41:28
2025-02-24,2025-02-24 13:13:03,PLAYER_342,Football,544.5,603.25,-5.118710520583751,242.57475,268.747875,-5.118710520583756,233.430542,640.127501,2025-02-24,2025-02-24 11:41:28
2025-02-24,2025-02-24 13:26:45,PLAYER_489,Football,587.0,603.5,-1.385972280554389,,,,215.964598,927.313901,2025-02-24,2025-02-24 11:41:28
2025-02-24,2025-02-24 13:15:32,PLAYER_567,Football,572.75,541.0,2.850729517396184,250.005375,236.1465,2.8507295173961804,233.695435,1012.077001,2025-02-24,2025-02-24 11:41:28
2025-02-24,2025-02-24 15:26:04,PLAYER_888,Football,564.0,418.25,14.838381267498091,256.338,190.094625,14.838381267498093,0.149552,,2025-02-24,2025-02-24 11:41:28
2025-02-24,2025-02-24 13:17:13,PLAYER_953,Football,527.0,492.5,3.3840117704757233,215.8065,201.67875,3.3840117704757215,232.010328,1001.7398,2025-02-24,2025-02-24 11:41:28
2025-04-11,2025-04-11 16:47:15,PLAYER_995,Mens Basketball,436.5,385.75,6.172088780784433,221.96025,196.153875,6.172088780784433,477.549898,3446.423849,2025-04-11,2025-04-11 12:00:02
2025-06-02,2025-06-02 16:15:31,PLAYER_014,Football,456.0,464.0,-0.8695652173913043,190.836,194.184,-0.8695652173913003,300.895828,2123.177902,2025-06-02,2025-06-02 14:26:01
2025-06-02,2025-06-02 16:33:04,PLAYER_021,Football,599.5,551.25,4.192917662394091,250.89075,230.698125,4.192917662394089,336.940252,2213.752601,2025-06-02,2025-06-02 14:26:01
2025-06-02,2025-06-02 16:21:50,PLAYER_093,Football,524.25,558.0,-3.118503118503119,233.553375,248.589,-3.1185031185031202,300.507543,2032.552401,2025-06-02,2025-06-02 14:26:01
2025-06-02,2025-06-02 16:31:55,PLAYER_1022,Football,536.5,501.25,3.396771862201879,243.83925,227.818125,3.396771862201876,309.750317,2180.587902,2025-06-02,2025-06-02 14:26:01
2025-06-02,2025-06-02 13:49:36,PLAYER_1047,Football,424.0,401.25,2.7567403817025142,196.524,185.979375,2.7567403817025133,280.519379,2143.977803,2025-06-02,2025-06-02 11:51:48
2025-06-02,2025-06-02 13:35:45,PLAYER_1055,Football,603.25,607.75,-0.37159372419488024,252.460125,254.343375,-0.371593724194881,280.229753,2059.4201,2025-06-02,2025-06-02 11:51:48
2025-06-02,2025-06-02 13:39:50,PLAYER_342,Football,526.5,573.75,-4.294478527607362,234.55575,255.605625,-4.294478527607365,282.090195,2211.366601,2025-06-02,2025-06-02 11:51:48
2025-06-02,2025-06-02 13:41:11,PLAYER_489,Football,516.5,586.25,-6.325096350034006,230.10075,261.174375,-6.325096350034004,268.076662,2067.939701,2025-06-02,2025-06-02 11:51:48
2025-06-02,2025-06-02 13:03:45,PLAYER_567,Football,354.0,340.75,1.9071608492263403,,,,239.764152,1846.050102,2025-06-02,2025-06-02 11:51:48
2025-06-02,2025-06-02 16:19:07,PLAYER_888,Football,454.75,471.25,-1.7818574514038878,206.683875,214.183125,-1.7818574514038854,288.16662,2116.147801,2025-06-02,2025-06-02 14:26:01
2025-06-02,2025-06-02 13:40:31,PLAYER_953,Football,561.0,513.5,4.420660772452304,229.7295,210.27825,4.420660772452301,275.310936,2091.716899,2025-06-02,2025-06-02 11:51:48
2025-06-09,2025-06-09 16:17:44,PLAYER_1126,Football,515.5,484.5,3.1,266.77125,250.72875,3.1000000000000036,215.702705,1948.080702,2025-06-09,2025-06-09 14:42:03
2025-06-18,2025-06-18 13:44:01,PLAYER_262,Football,581.0,491.75,8.31973898858075,269.2935,227.926125,8.319738988580747,290.609472,1241.389401,2025-06-18,2025-06-18 11:58:04
2025-06-18,2025-06-18 16:20:31,PLAYER_297,Football,496.0,450.5,4.807184363444268,207.576,188.53425,4.807184363444271,351.052139,1366.911502,2025-06-18,2025-06-18 14:25:43
2025-06-23,2025-06-23 14:26:05,PLAYER_1036,Mens Basketball,518.5,422.25,10.23119851182567,268.32375,218.514375,10.231198511825674,357.985854,2186.830403,2025-06-23,2025-06-23 15:00:00
2025-06-23,2025-06-23 14:23:53,PLAYER_1050,Mens Basketball,509.25,513.0,-0.36683785766691124,254.370375,256.2435,-0.3668378576669088,378.263429,2564.303629,2025-06-23,2025-06-23 15:00:00
2025-06-23,2025-06-23 14:28:51,PLAYER_1186,Mens Basketball,359.5,356.75,0.38394415357766143,160.15725,158.932125,0.3839441535776587,378.698757,2718.407098,2025-06-23,2025-06-23 15:00:00
2025-06-23,2025-06-23 14:29:11,PLAYER_1186,Mens Basketball,367.0,368.5,-0.20394289598912305,163.4985,164.16675,-0.20394289598912319,378.698757,2718.407098,2025-06-23,2025-06-23 15:00:00
2025-06-23,2025-06-23 13:41:55,PLAYER_404,Mens Basketball,0.75,7.0,-80.64516129032258,0.253125,2.3625,-80.64516129032259,314.943175,1921.106221,2025-06-23,2025-06-23 15:00:00
2025-06-23,2025-06-23 14:22:33,PLAYER_404,Mens Basketball,381.25,425.25,-5.455672659640422,193.865625,216.239625,-5.455672659640421,314.943175,1921.106221,2025-06-23,2025-06-23 15:00:00
2025-06-23,2025-06-23 14:27:55,PLAYER_412,Mens Basketball,577.75,555.75,1.9408910454344948,278.186625,267.593625,1.940891045434498,352.076772,2424.306543,2025-06-23,2025-06-23 15:00:00
2025-06-23,2025-06-23 14:30:20,PLAYER_616,Mens Basketball,540.0,514.0,2.4667931688804554,225.99,215.109,2.4667931688804554,328.59846,2262.063332,2025-06-23,2025-06-23 15:00:00
2025-06-23,2025-06-23 14:21:15,PLAYER_755,Mens Basketball,421.5,345.5,9.908735332464145,221.91975,181.90575,9.90873533246414,437.802801,3012.864661,2025-06-23,2025-06-23 15:00:00
2025-06-23,2025-06-23 14:24:41,PLAYER_958,Mens Basketball,549.5,509.5,3.777148253068933,299.20275,277.42275,3.7771482530689284,387.346375,2237.194942,2025-06-23,2025-06-23 15:00:00
2025-06-23,2025-06-23 14:26:55,PLAYER_995,Mens Basketball,474.75,454.0,2.2341857335127857,241.410375,230.859,2.2341857335127817,339.650568,2290.46825,2025-06-23,2025-06-23 15:00:00
2025-07-02,2025-07-02 15:29:12,PLAYER_021,Football,551.5,512.0,3.714151386929948,230.80275,214.272,3.714151386929951,10.717927,73.4524,2025-07-02,2025-07-02 10:55:28
2025-07-02,2025-07-02 15:27:41,PLAYER_093,Football,510.25,596.75,-7.8139114724480585,227.316375,265.852125,-7.813911472448059,11.465639,74.557625,2025-07-02,2025-07-02 10:55:28
2025-07-02,2025-07-02 15:34:21,PLAYER_1022,Football,557.25,517.0,3.746800093088201,253.270125,234.9765,3.7468000930882055,11.823092,40.303975,2025-07-02,2025-07-02 10:55:28
2025-07-02,2025-07-02 13:06:23,PLAYER_1047,Football,520.75,457.0,6.5200715929429816,241.367625,211.8195,6.520071592942981,319.333485,1709.907974,2025-07-02,2025-07-02 10:55:28
2025-07-02,2025-07-02 13:02:41,PLAYER_1055,Football,581.0,594.25,-1.1274196979366091,243.1485,248.693625,-1.127419697936606,345.239733,1947.437478,2025-07-02,2025-07-02 10:55:28
2025-07-02,2025-07-02 15:21:23,PLAYER_1126,Football,500.25,469.5,3.17092034029389,258.879375,242.96625,3.170920340293886,11.147884,40.37415,2025-07-02,2025-07-02 10:55:28
2025-07-02,2025-07-02 12:51:02,PLAYER_262,Football,648.25,548.5,8.335074159181117,300.463875,254.22975,8.335074159181111,342.857921,1690.888823,2025-07-02,2025-07-02 10:55:28
2025-07-02,2025-07-02 15:33:32,PLAYER_297,Football,486.75,466.0,2.177906061401207,203.704875,195.021,2.1779060614012073,11.152493,72.881125,2025-07-02,2025-07-02 10:55:28
2025-07-02,2025-07-02 17:06:11,PLAYER_342,Football,522.5,534.75,-1.1586663513833058,232.77375,238.231125,-1.1586663513833024,10.625328,,2025-07-02,2025-07-02 10:55:28
2025-07-02,2025-07-02 13:09:39,PLAYER_489,Football,433.75,576.75,-14.151410192973776,193.235625,256.942125,-14.15141019297377,311.116076,1521.950802,2025-07-02,2025-07-02 10:55:28
2025-07-02,2025-07-02 12:48:59,PLAYER_567,Football,593.5,538.75,4.835504526385515,259.06275,235.164375,4.835504526385513,310.096152,1663.346151,2025-07-02,2025-07-02 10:55:28
2025-07-02,2025-07-02 15:40:13,PLAYER_888,Football,483.0,406.75,8.569822983984265,219.5235,184.867875,8.569822983984269,11.539006,58.30665,2025-07-02,2025-07-02 10:55:28
2025-07-02,2025-07-02 13:08:35,PLAYER_953,Football,485.0,496.75,-1.1968423733129614,198.6075,203.419125,-1.196842373312967,333.087263,1645.719951,2025-07-02,2025-07-02 10:55:28
2025-07-18,2025-07-18 13:48:32,PLAYER_567,Football,621.0,554.25,5.679642629227824,287.8335,256.894875,5.679642629227824,284.339536,2446.294549,2025-07-18,2025-07-18 11:27:16
2025-08-01,2025-08-01 17:51:05,PLAYER_1077,Mens Soccer,409.25,384.75,3.0856423173803527,152.854875,143.704125,3.085642317380349,784.127313,7653.011607,2025-08-01,2025-08-01 16:15:00
2025-08-01,2025-08-01 17:53:23,PLAYER_1104,Mens Soccer,430.5,438.75,-0.9490940465918896,168.54075,171.770625,-0.9490940465918875,251.819307,1349.185135,2025-08-01,2025-08-01 16:15:00
2025-08-01,2025-08-01 17:42:51,PLAYER_158,Mens Soccer,366.75,352.5,1.981230448383733,156.785625,150.69375,1.9812304483837382,719.591325,6973.597781,2025-08-01,2025-08-01 16:15:00
2025-08-01,2025-08-01 17:38:58,PLAYER_182,Mens Soccer,459.5,516.0,-5.791901588928754,192.30075,215.946,-5.791901588928755,713.47404,6817.626839,2025-08-01,2025-08-01 16:15:00
2025-08-01,2025-08-01 17:47:43,PLAYER_193,Mens Soccer,409.0,482.75,-8.270255116344268,182.2095,215.065125,-8.270255116344268,845.379131,8749.677267,2025-08-01,2025-08-01 16:15:00
2025-08-01,2025-08-01 17:46:37,PLAYER_423,Mens Soccer,485.75,512.0,-2.6309195690303184,212.029875,223.488,-2.630919569030317,744.243692,6718.067902,2025-08-01,2025-08-01 16:15:00
2025-08-01,2025-08-01 17:51:54,PLAYER_518,Mens Soccer,476.0,428.0,5.3097345132743365,199.206,179.118,5.309734513274336,730.704715,7368.269433,2025-08-01,2025-08-01 16:15:00
2025-08-01,2025-08-01 17:48:49,PLAYER_539,Mens Soccer,498.5,486.5,1.2182741116751268,226.56825,221.11425,1.2182741116751286,746.830094,6824.765087,2025-08-01,2025-08-01 16:15:00
2025-08-01,2025-08-01 17:40:01,PLAYER_732,Mens Soccer,440.25,382.5,7.019143117593436,192.169125,166.96125,7.019143117593436,735.216074,7309.972454,2025-08-01,2025-08-01 16:15:00
2025-08-26,2025-08-26 20:06:56,PLAYER_007,Womens Soccer,274.5,282.25,-1.3920071845532105,119.81925,123.202125,-1.3920071845532103,511.1041,4953.401645,2025-08-26,2025-08-26 18:15:00
2025-08-26,2025-08-26 20:13:07,PLAYER_053,Womens Soccer,249.5,248.75,0.15052684395383845,104.41575,104.101875,0.15052684395383648,459.131644,4918.997059,2025-08-26,2025-08-26 18:15:00
2025-08-26,2025-08-26 20:06:08,PLAYER_084,Womens Soccer,308.75,326.0,-2.717605356439543,129.211875,136.431,-2.7176053564395506,608.028094,5543.943239,2025-08-26,2025-08-26 18:15:00
2025-08-26,2025-08-26 20:09:31,PLAYER_1089,Womens Soccer,300.0,301.25,-0.2079002079002079,125.55,126.073125,-0.20790020790021083,572.487415,5463.364634,2025-08-26,2025-08-26 18:15:00
2025-08-26,2025-08-26 20:04:46,PLAYER_1094,Womens Soccer,331.5,371.5,-5.689900426742532,141.71625,158.81625,-5.689900426742529,393.50018,3692.033016,2025-08-26,2025-08-26 18:15:00
2025-08-26,2025-08-26 20:03:16,PLAYER_112,Womens Soccer,319.25,322.75,-0.5451713395638629,127.859625,129.261375,-0.5451713395638601,292.960547,1517.389819,2025-08-26,2025-08-26 18:15:00
2025-08-26,2025-08-26 20:07:41,PLAYER_115,Womens Soccer,269.25,245.0,4.715605250364609,110.257875,100.3275,4.715605250364608,574.178464,5473.232703,2025-08-26,2025-08-26 18:15:00
2025-08-26,2025-08-26 19:56:59,PLAYER_1152,Womens Soccer,326.5,328.5,-0.3053435114503817,133.70175,134.52075,-0.30534351145037736,487.463719,5037.267756,2025-08-26,2025-08-26 18:15:00
2025-08-26,2025-08-26 20:02:11,PLAYER_1171,Womens Soccer,318.25,332.0,-2.1145713187235677,121.730625,126.99,-2.1145713187235646,436.364405,3670.452624,2025-08-26,2025-08-26 18:15:00
2025-08-26,2025-08-26 20:04:00,PLAYER_1265,Womens Soccer,318.0,287.0,5.12396694214876,127.359,114.9435,5.1239669421487575,515.954156,5417.703168,2025-08-26,2025-08-26 18:15:00
2025-08-26,2025-08-26 20:12:21,PLAYER_413,Womens Soccer,352.75,282.75,11.014948859166012,147.625875,118.330875,11.014948859166012,503.791799,5335.166797,2025-08-26,2025-08-26 18:15:00
2025-08-26,2025-08-26 20:00:10,PLAYER_469,Womens Soccer,294.5,291.0,0.5977796754910333,109.99575,108.6885,0.5977796754910315,451.703745,4292.508495,2025-08-26,2025-08-26 18:15:00
2025-08-26,2025-08-26 20:05:22,PLAYER_480,Womens Soccer,349.5,326.5,3.4023668639053253,139.97475,130.76325,3.4023668639053253,395.765291,4286.439984,2025-08-26,2025-08-26 18:15:00
2025-08-26,2025-08-26 20:14:40,PLAYER_552,Womens Soccer,332.25,308.0,3.787582975400234,124.095375,115.038,3.7875829754002375,556.846332,5696.262412,2025-08-26,2025-08-26 18:15:00
2025-08-26,2025-08-26 20:16:30,PLAYER_746,Womens Soccer,434.25,378.75,6.826568265682657,181.733625,158.506875,6.826568265682652,510.045611,5592.016931,2025-08-26,2025-08-26 18:15:00
2025-08-26,2025-08-26 20:19:11,PLAYER_747,Womens Soccer,412.75,367.0,5.867265149086245,169.021125,150.2865,5.867265149086252,543.357694,5608.602532,2025-08-26,2025-08-26 18:15:00
2025-08-26,2025-08-26 20:13:53,PLAYER_769,Womens Soccer,325.25,311.25,2.199528672427337,136.117125,130.258125,2.1995286724273297,579.039759,5347.290027,2025-08-26,2025-08-26 18:15:00
2025-08-26,2025-08-26 20:08:33,PLAYER_860,Womens Soccer,270.25,287.0,-3.00583221175415,113.099625,120.1095,-3.005832211754147,511.203751,4504.345639,2025-08-26,2025-08-26 18:15:00
2025-08-26,2025-08-26 19:58:30,PLAYER_910,Womens Soccer,274.75,255.25,3.6792452830188678,102.619125,95.335875,3.6792452830188656,474.656213,4902.863782,2025-08-26,2025-08-26 18:15:00
2025-08-26,2025-08-26 20:01:08,PLAYER_961,Womens Soccer,377.5,326.0,7.320540156361052,157.98375,136.431,7.320540156361043,453.303474,4396.858305,2025-08-26,2025-08-26 18:15:00
2025-09-02,2025-09-02 15:04:20,PLAYER_042,Womens Basketball,270.0,201.0,14.64968152866242,137.295,102.2085,14.649681528662416,349.166701,2323.80338,2025-09-02,2025-09-02 12:50:00
2025-09-02,2025-09-02 15:58:57,PLAYER_056,Womens Basketball,366.0,431.5,-8.213166144200628,179.523,211.65075,-8.213166144200624,235.336338,1511.298592,2025-09-02,2025-09-02 12:50:00
2025-09-02,2025-09-02 16:02:17,PLAYER_1264,Womens Basketball,337.0,356.25,-2.7767760548142806,147.1005,155.503125,-2.7767760548142806,442.132661,3288.555274,2025-09-02,2025-09-02 12:50:00
2025-09-02,2025-09-02 14:59:51,PLAYER_190,Womens Basketball,342.0,271.0,11.582381729200652,155.439,123.1695,11.582381729200652,373.243922,2826.38436,2025-09-02,2025-09-02 12:50:00
2025-09-02,2025-09-02 15:07:15,PLAYER_363,Womens Basketball,389.75,263.0,19.417847567981617,180.649125,121.9005,19.41784756798162,420.089648,2964.533919,2025-09-02,2025-09-02 12:50:00
2025-09-02,2025-09-02 15:56:29,PLAYER_555,Womens Basketball,413.0,350.75,8.150572831423895,176.5575,149.945625,8.150572831423894,347.443569,2653.57585,2025-09-02,2025-09-02 12:50:00
2025-09-02,2025-09-02 15:07:59,PLAYER_851,Womens Basketball,318.0,266.25,8.857509627727858,161.703,135.388125,8.857509627727856,354.276892,2533.093506,2025-09-02,2025-09-02 12:50:00
2025-09-02,2025-09-02 16:00:40,PLAYER_906,Womens Basketball,324.0,295.75,4.558289632916498,150.174,137.080125,4.558289632916497,224.322739,1544.870759,2025-09-02,2025-09-02 12:50:00
2025-09-05,2025-09-05 19:03:44,PLAYER_1188,Mens Basketball,515.25,434.25,8.530805687203792,,,,246.120647,1548.842445,2025-09-05,2025-09-05 19:30:00
2025-09-05,2025-09-05 19:07:33,PLAYER_412,Mens Basketball,519.25,464.25,5.592272496187086,250.018875,223.536375,5.59227249618709,263.073799,1986.673482,2025-09-05,2025-09-05 19:30:00
2025-09-05,2025-09-05 19:16:38,PLAYER_540,Mens Basketball,493.25,441.75,5.508021390374331,206.425125,184.872375,5.508021390374332,243.282944,1826.414888,2025-09-05,2025-09-05 19:30:00
2025-09-05,2025-09-05 19:06:41,PLAYER_616,Mens Basketball,615.25,529.75,7.467248908296943,257.482125,221.700375,7.46724890829694,265.282639,1936.782128,2025-09-05,2025-09-05 19:30:00
2025-09-05,2025-09-05 19:00:59,PLAYER_755,Mens Basketball,386.0,300.25,12.49544626593807,203.229,158.081625,12.495446265938073,344.297804,2506.946001,2025-09-05,2025-09-05 19:30:00
2025-09-05,2025-09-05 19:13:22,PLAYER_760,Mens Basketball,465.75,466.25,-0.0536480686695279,194.916375,195.125625,-0.05364806866953448,196.920664,1528.640054,2025-09-05,2025-09-05 19:30:00
2025-09-05,2025-09-05 19:10:24,PLAYER_958,Mens Basketball,511.75,471.25,4.120040691759918,278.647875,256.595625,4.120040691759922,304.851452,1815.821854,2025-09-05,2025-09-05 19:30:00
2025-09-05,2025-09-05 19:05:37,PLAYER_995,Mens Basketball,490.5,400.5,10.1010101010101,249.41925,203.65425,10.101010101010106,291.735764,2195.116395,2025-09-05,2025-09-05 19:30:00
